2886|best banana bread|butter,granulated sugar,eggs,bananas,all-purpose flour,baking soda,salt,vanilla|840|3355|2499|342|63|335|6270|7449
27208|to die for crock pot roast|beef roast,brown gravy mix,dried italian salad dressing mix,ranch dressing mix,water|469|784|2200|2200|7655
89204|crock pot chicken with black beans   cream cheese|boneless chicken breasts,black beans,corn,salsa,cream cheese|1252|553|1803|6265|1910
39087|creamy cajun chicken pasta|boneless skinless chicken breast halves,linguine,cajun seasoning,butter,green onion,heavy whipping cream,sun-dried tomatoes,salt,dried basil,ground black pepper,garlic powder,parmesan cheese|1254|4416|905|840|6335|3670|6926|6270|2212|3486|3217|5180
67256|best ever banana cake with cream cheese frosting|bananas,lemon juice,flour,baking soda,salt,butter,sugar,eggs,vanilla,buttermilk,cream cheese,icing sugar,walnuts|342|4253|2683|335|6270|840|6906|2499|7449|869|1910|3834|7642
54257|yes  virginia there is a great meatloaf|ground beef,bread,egg,vidalia onions,table salt,black pepper,ketchup,whole milk,apple cider vinegar,dark brown sugar|3484|715|2499|7616|7054|590|4053|7853|155|2045
22782|jo mama s world famous spaghetti|italian sausage,onion,garlic cloves,diced tomatoes,tomato paste,tomato sauce,water,basil,dried parsley flakes,brown sugar,salt,crushed red pepper flakes,fresh coarse ground black pepper,red wine,thin spaghetti,parmesan cheese|6324|5010|3203|2131|7229|7233|7655|382|2325|800|6270|1986|2780|6007|7164|5180
32204|whatever floats your boat  brownies|butter,unsweetened cocoa,sugar,eggs,vanilla,flour,salt,chocolate chips,raisins,maraschino cherry,nuts,m&m',reese's pieces,miniature marshmallow|840|7406|6906|2499|7449|2683|6270|1388|5825|4570|4958|1385|5382|241
69173|kittencal s italian melt in your mouth meatballs|ground beef,egg,parmesan cheese,breadcrumbs,garlic,salt,fresh ground black pepper,milk,dried oregano,fresh parsley|3484|2499|5180|728|3184|6270|2816|4717|2320|2856
68955|japanese mum s chicken|chicken drumsticks,water,balsamic vinegar,soy sauce,sugar,garlic clove,hot chili pepper|1267|7655|339|6696|6906|3203|3771
33919|creamy burrito casserole|ground beef,yellow onion,taco seasoning,flour tortillas,refried beans,taco cheese,cream of mushroom soup,sour cream,hot sauce|3484|7979|7060|7258|6016|7056|1920|6654|3810
82102|kittencal s moist cheddar garlic oven fried chicken breast|butter,garlic,garlic powder,seasoning salt,seasoned dry bread crumb,cheddar cheese,parmesan cheese,ground black pepper,boneless skinless chicken breasts,shredded cheddar cheese|840|3184|3217|6374|6365|1168|5180|3486|1252|1168
25885|banana banana bread|all-purpose flour,baking soda,salt,butter,brown sugar,eggs,bananas|63|335|6270|840|800|2499|342
28148|oven fried chicken chimichangas|picante sauce,ground cumin,dried oregano leaves,cooked chicken,cheddar cheese,green onions,flour tortillas,margarine,green onion|5362|3502|2321|1707|1168|6335|7258|4574|6335
135350|fannie farmer s classic baked macaroni   cheese|macaroni,butter,flour,milk,cream,salt,fresh ground black pepper,cheddar cheese,breadcrumbs|4495|840|2683|4717|1909|6270|2816|1168|728
99476|the best easy beef and broccoli stir fry|cornstarch,water,garlic powder,boneless round steak,vegetable oil,broccoli florets,onion,reduced sodium soy sauce,brown sugar,ground ginger,cooked rice,toasted sesame seeds|1833|7655|3217|6201|7557|761|5010|6696|800|3512|1746|7194
10744|delicious chicken pot pie|potato,onion,celery,carrot,margarine,all-purpose flour,chicken broth,half-and-half,salt,pepper,chicken,pie crusts|5648|5010|1124|1093|4574|63|1257|3589|6270|5319|1240|5375
129926|simply sour cream chicken enchiladas|chicken breast,onion,vegetable oil,flour tortillas,monterey jack cheese,butter,flour,chicken broth,sour cream,green chilies|1252|5010|7557|7258|4814|840|2683|1257|6654|3418
33671|crock pot whole chicken|salt,paprika,cayenne pepper,onion powder,thyme,white pepper,garlic powder,black pepper,roasting chicken,onion|6270|5168|1119|5024|7168|7774|3217|590|6142|5010
63689|my family s favorite sloppy joes  pizza joes|ground beef,celery,onion,tomato sauce,ketchup,barbecue sauce,brown sugar,dry mustard,salt and pepper,worcestershire sauce,vinegar|3484|1124|5010|7233|4053|367|800|2430|6276|7946|7620
150863|panera s cream cheese potato soup|chicken broth,potatoes,seasoning salt,white pepper,ground red pepper,cream cheese|1257|5648|6374|7774|3536|1910
97496|soft snickerdoodle cookies|butter,sugar,eggs,flour,cream of tartar,baking soda,salt,cinnamon,vanilla extract|840|6906|2499|2683|1925|335|6270|1511|7470
107786|beth s melt in your mouth barbecue ribs  oven|pork ribs,light brown sugar,hickory smoke salt,paprika,garlic powder,ground red pepper,barbecue sauce|5599|4320|3702|5168|3217|3536|367
5170|pete s scratch pancakes|flour,sugar,salt,baking powder,eggs,butter,milk|2683|6906|6270|332|2499|840|4717
95222|pork chops yum yum|pork chops,chicken broth,honey,soy sauce,ketchup,ginger,garlic salt|5574|1257|3723|6696|4053|3248|3219
38298|olive garden copycat zuppa toscana|italian sausage,russet baking potatoes,vidalia onion,cooked bacon,accent seasoning,salt,black pepper,red pepper flakes,garlic cloves,kale,chicken broth,water,flour,heavy whipping cream|6324|6219|7616|1699|22|6270|590|5975|3203|4024|1257|7655|2683|3670
77397|kittencal s 5 minute cinnamon flop brunch cake|all-purpose flour,sugar,milk,vanilla,baking powder,salt,egg,brown sugar,cinnamon,butter,walnuts|63|6906|4717|7449|332|6270|2499|800|1511|840|7642
29679|reeses squares   5 ingredients   no bake  reese s|graham cracker crumbs,confectioners' sugar,peanut butter,butter,milk chocolate chips|3324|1689|5261|840|4722
87782|greek potatoes  oven roasted and delicious|potatoes,garlic cloves,olive oil,water,dried oregano,lemon,sea salt,fresh coarse ground black pepper|5648|3203|5006|7655|2320|4231|6352|2780
73166|the best chili you will ever taste|oil,onions,garlic,lean ground beef,beef sirloin,diced tomatoes,dark beer,strong coffee,tomato paste,beef broth,brown sugar,chili sauce,cumin,cocoa,oregano,cayenne,coriander,salt,kidney beans,chili peppers|4987|5010|3184|4189|478|2131|2044|6891|7229|437|800|1330|2007|1584|5106|1118|1795|6270|4062|1326
50719|the sweetest blueberry muffins|butter,granulated sugar,eggs,vanilla,baking powder,salt,all-purpose flour,milk,fresh blueberries,lemon zest,ground nutmeg|840|3355|2499|7449|332|6270|63|4717|2763|4284|3527
141983|better than olive garden alfredo sauce|sweet butter,olive oil,garlic cloves,heavy cream,white pepper,parmesan cheese,mozzarella cheese,angel hair pasta,parsley,cracked black pepper|6962|5006|3203|3668|7774|5180|4836|132|5185|1867
37336|melt in your mouth chicken breasts|boneless chicken breast halves,mayonnaise,parmesan cheese,seasoning salt,ground black pepper,garlic powder|1254|4623|5180|6374|3486|3217
28768|absolute best ever lasagna|lean ground beef,italian sausage,onion,garlic cloves,salt,fresh coarse ground black pepper,dried parsley flakes,dried oregano,dried basil,whole tomatoes,ricotta cheese,eggs,pepper,parsley,parmesan cheese,mozzarella cheese,lasagna noodles|4189|6324|5010|3203|6270|2780|2325|2320|2212|7863|6085|2499|5319|5185|5180|4836|4155
43509|crumb topped banana muffins|flour,baking soda,baking powder,salt,bananas,sugar,egg,butter,brown sugar,cinnamon,nuts|2683|335|332|6270|342|6906|2499|840|800|1511|4958
60350|easy stove top macaroni   cheese|elbow macaroni,butter,all-purpose flour,salt,black pepper,milk,shredded cheddar cheese|2518|840|63|6270|590|4717|1168
150384|panera broccoli cheese soup|butter,onion,flour,half-and-half cream,chicken stock,fresh broccoli,carrot,nutmeg,sharp cheddar cheese,salt and pepper,crusty bread,whole milk|840|5010|2683|3590|1297|2765|1093|4964|1168|6276|1990|7853
27520|poverty meal|onion,garlic cloves,olive oil,ground beef,stewed tomatoes,water,elbow macaroni,salt,pepper,parmesan cheese|5010|3203|5006|3484|6819|7655|2518|6270|5319|5180
2496|dark chocolate cake|sugar,flour,baking cocoa,baking powder,baking soda,salt,eggs,milk,vegetable oil,vanilla extract,boiling water|6906|2683|328|332|335|6270|2499|4717|7557|7470|673
89207|kittencal s chocolate frosting icing|butter,confectioners' sugar,half-and-half cream,vanilla,unsweetened cocoa powder|840|1689|3590|7449|7407
31750|the best ever waffles|flour,baking powder,salt,sugar,eggs,butter,milk|2683|332|6270|6906|2499|840|4717
9272|wonderful salsa|tomatoes,onions,green peppers,jalapeno pepper,garlic cloves,cumin,pepper,canning salt,sugar,vinegar,tomato sauce,tomato paste|7213|5010|3440|3957|3203|2007|5319|1041|6906|7620|7233|7229
92095|authentic italian meatballs|ground beef,eggs,milk,breadcrumbs,salt,fresh parsley,garlic powder,fresh ground pepper,locatelli cheese|3484|2499|4717|728|6270|2856|3217|2817|4459
78814|kittencal s chicken crescent roll casserole|pillsbury refrigerated crescent dinner rolls,cream of chicken soup,cheddar cheese,18% table cream,cream cheese,butter,garlic powder,onion,cooked chicken breasts,seasoning salt,ground black pepper,mayonnaise|6029|1917|1168|7053|1910|840|3217|5010|1708|6374|3486|4623
132263|5 minute vegan pancakes|flour,sugar,baking powder,salt,soymilk,vegetable oil|2683|6906|332|6270|6706|7557
53914|mama s supper club tilapia parmesan|tilapia fillets,lemon juice,parmesan cheese,butter,mayonnaise,green onions,seasoning salt,dried basil,black pepper,hot pepper sauce|7178|4253|5180|840|4623|6335|6374|2212|590|3800
15411|impossible peanut butter cookies|peanut butter,granulated sugar,egg,sugar|5261|3355|2499|6906
8701|should be illegal oven bbq ribs|pork back ribs,honey,paprika,chili powder,garlic powder,old bay seasoning,onion powder,celery salt,dark brown sugar,fresh ground pepper,onion,barbecue sauce,white sugar|5566|3723|5168|1329|3217|4996|5024|1132|2045|2817|5010|367|7790
73825|why i joined zaar carrot cake|all-purpose flour,baking soda,baking powder,salt,ground cinnamon,white sugar,vegetable oil,eggs,vanilla extract,carrots,flaked coconut,walnuts,crushed pineapple,cream cheese,butter,icing sugar|63|335|332|6270|3497|7790|7557|2499|7470|1093|2665|7642|1982|1910|840|3834
90674|denny s style french toast|eggs,whole milk,flour,sugar,vanilla,salt,cinnamon,texas toast thick bread,butter,powdered sugar,syrup|2499|7853|2683|6906|7449|6270|1511|7141|840|5695|7040
32844|pasta with sausage  tomatoes  and cream|olive oil,sweet italian sausage link,dried red pepper flakes,onion,garlic,italian plum tomatoes,whipping cream,salt,pasta,parsley,parmesan cheese|5006|6324|2347|5010|3184|3934|7705|6270|5219|5185|5180
200296|kittencal s easy and delicious ranch parmesan chicken|boneless skinless chicken breasts,dry breadcrumbs,parmesan cheese,seasoning salt,ground black pepper,garlic powder,ranch salad dressing,butter|1252|2404|5180|6374|3486|3217|2200|840
31128|yummy crunchy apple pie|pastry for single-crust pie,sugar,flour,cinnamon,nutmeg,allspice,salt,apples,brown sugar,quick-cooking rolled oats,butter,pecans|5217|6906|2683|1511|4964|68|6270|150|800|6156|840|5298
71373|country white bread or dinner rolls  bread machine|water,egg,vegetable oil,bread flour,sugar,salt,instant yeast,butter,shortening|7655|2499|7557|721|6906|6270|7956|840|6473
33921|really good vegetarian meatloaf  really|water,salt,lentils,onion,quick-cooking oats,cheddar cheese,egg,spaghetti sauce,garlic powder,dried basil,dried parsley,seasoning salt,black pepper|7655|6270|4305|5010|4969|1168|2499|6711|3217|2212|2324|6374|590
15865|p  f  chang s chicken lettuce wraps by todd wilbur|oil,boneless skinless chicken breasts,water chestnut,mushroom,onions,garlic,iceberg lettuce,sugar,water,soy sauce,rice wine vinegar,ketchup,lemon juice,sesame oil,hot mustard,garlic and red chile paste,brown sugar|4987|1252|7656|4863|5010|3184|4308|6906|7655|6696|6084|4053|4253|6413|3791|1316|800
26370|the only chocolate cake recipe you ll ever need   devil s food|all-purpose flour,salt,baking powder,baking soda,unsweetened cocoa powder,sugar,vegetable oil,hot coffee,milk,eggs,vanilla,butter,shortening|63|6270|332|335|7407|6906|7557|3778|4717|2499|7449|840|6473
77585|copycat olive garden minestrone soup by todd wilbur|olive oil,white onion,zucchini,italian cut green beans,celery,garlic,vegetable broth,red kidney beans,small white beans,diced tomatoes,carrot,fresh parsley,dried oregano,salt,ground black pepper,dried basil,dried thyme,hot water,baby spinach,small shell pasta|5006|7770|8021|3928|1124|3184|7550|4062|6551|2131|1093|2856|2320|6270|3486|2212|2378|3815|288|6548
34382|mashed red potatoes with garlic and parmesan|red potatoes,garlic cloves,butter,milk,salt,parmesan cheese|5985|3203|840|4717|6270|5180
9836|slow cooker cheesy chicken|boneless skinless chicken breasts,condensed cream of chicken soup,condensed cheddar cheese soup,garlic powder,salt and pepper|1252|1672|1168|3217|6276
27144|chocolate  chocolate  chocolate  bundt cake with chocolate glaze|devil's food cake mix,instant chocolate pudding mix,semi-sweet chocolate chips,water,eggs,vanilla extract,cocoa,butter,powdered sugar,hot water|912|3865|1388|7655|2499|7470|1584|840|5695|3815
114392|ultimate pizza sauce|olive oil,butter,onion,celery,garlic clove,tomato sauce,tomato paste,parmesan cheese,dried basil,dried oregano,salt,sugar,black pepper,bay leaf,fennel seed|5006|840|5010|1124|3203|7233|7229|5180|2212|2320|6270|6906|590|393|2587
27210|best grilled pork chops|water,light soy sauce,vegetable oil,lemon pepper seasoning,garlic cloves,pork loin chops|7655|6696|7557|4263|3203|5591
106251|roasted cauliflower   16 roasted cloves of garlic|cauliflower,garlic cloves,fresh rosemary,salt,black pepper,olive oil|1112|3203|2879|6270|590|5006
66596|kittencal s famous greek salad|olive oil,lemon, juice of,dried oregano,garlic,dried basil,red wine vinegar,salt,sugar,fresh ground black pepper,romaine lettuce,plum tomatoes,english cucumber,red onion,green bell pepper,feta cheese,kalamata olive|5006|4287|2320|3184|2212|6009|6270|6906|2816|4308|5519|2534|5966|3399|2591|4023
52035|oreo balls|oreo cookies,cream cheese,white chocolate bark,chocolate bark|5112|1910|7729|1381
43023|creamy garlic penne pasta|penne,butter,garlic cloves,flour,chicken broth,milk,parsley flakes,salt and pepper,parmesan cheese|5313|840|3203|2683|1257|4717|5186|6276|5180
63786|steak  or chicken  fajitas|top sirloin steak,olive oil,lime juice,garlic clove,chili powder,cumin,hot pepper flakes,black pepper,salt,flour tortillas,onion,sweet peppers,salsa,sour cream,cheese,chopped tomato|7253|5006|4384|3203|1329|2007|3794|590|6270|7258|5010|6985|6265|6654|1170|1480
205890|soft peanut butter cookies|creamy peanut butter,brown sugar,white sugar,butter,eggs,baking soda,baking powder,vanilla extract,flour|1938|800|7790|840|2499|335|332|7470|2683
128956|ww 0 point weight watchers cabbage soup|nonfat beef broth,garlic cloves,tomato paste,cabbage,yellow onion,carrot,green beans,zucchini,basil,oregano,salt & pepper|437|3203|7229|893|7979|1093|3398|8021|382|5106|6273
82925|edna s apple crumble  aka  apple crisp|granny smith apples,brown sugar,flour,rolled oats,cinnamon,nutmeg,butter|3347|800|2683|6156|1511|4964|840
26217|bev s spaghetti sauce|ground beef,olive oil,onion,garlic,bay leaves,oregano,dried basil,italian seasoning,salt,ground pepper,tomato paste,tomato sauce,diced tomatoes,fresh mushrooms,parmesan cheese|3484|5006|5010|3184|393|5106|2212|3940|6270|3532|7229|7233|2131|2847|5180
46922|awesome baked ham|bone-in ham,brown sugar,yellow mustard,aluminum foil|677|800|7977|96
95569|easy and tasty barbecue chicken sandwiches in the crock pot|boneless skinless chicken breast,barbecue sauce,sweet onion,hamburger buns|1252|367|6980|3610
349246|microwave chocolate mug brownie|butter,water,vanilla extract,salt,white sugar,unsweetened cocoa powder,flour,chocolate milk|840|7655|7470|6270|7790|7407|2683|1427
15072|perfect chocolate brownies|cocoa powder,shortening,sugar,eggs,vanilla,flour,baking powder,salt,walnuts|1589|6473|6906|2499|7449|2683|332|6270|7642
16531|crock pot garlic brown sugar chicken|chicken,brown sugar,vinegar,sprite,garlic,soy sauce,pepper|1240|800|7620|6786|3184|6696|5319
8782|roast  sticky  chicken|salt,paprika,cayenne pepper,onion powder,thyme,white pepper,garlic powder,black pepper,roasting chicken,onions|6270|5168|1119|5024|7168|7774|3217|590|6142|5010
3470|crock pot chicken  gravy and stuffing|boneless skinless chicken breasts,salt,pepper,chicken broth,swiss cheese,cream of chicken soup,cream of mushroom soup,milk,pepperidge farm herb stuffing,butter|1252|6270|5319|1257|7033|1917|1920|4717|3678|840
107997|4 minute spicy garlic shrimp|shrimp,olive oil,garlic cloves,red pepper flakes,steak seasoning,lemon, zest of,lemon juice,fresh parsley|6487|5006|3203|5975|6805|4289|4253|2856
22176|classic baked ziti|lean ground beef,onion,garlic cloves,meatless sauce,chicken broth,dried oregano leaves,ziti pasta,mozzarella cheese,parmesan cheese|4189|5010|3203|4646|1257|2321|8019|4836|5180
46877|uncle bill s whipped shortbread cookies|butter,all-purpose flour,icing sugar,vanilla extract,red maraschino cherry,green maraschino cherry|840|63|3834|7470|5964|3435
48760|szechuan noodles with spicy beef sauce|ground beef,onions,garlic,fresh ginger,dry crushed red pepper,sesame oil,cornstarch,beef broth,hoisin sauce,soy sauce,vermicelli,green onion|3484|5010|3184|2809|2410|6413|1833|437|3710|6696|7612|6335
133751|restaurant teriyaki sauce|soy sauce,water,ground ginger,garlic powder,brown sugar,honey,cornstarch,cold water|6696|7655|3512|3217|800|3723|1833|1645
63071|the best belgian waffles|flour,baking powder,salt,sugar,eggs,vegetable oil,milk,vanilla|2683|332|6270|6906|2499|7557|4717|7449
145038|caramelized baked chicken legs wings|chicken legs,olive oil,soy sauce,ketchup,honey,garlic cloves,salt and pepper|1280|5006|6696|4053|3723|3203|6276
65340|buttery bread machine rolls|milk,butter,sugar,eggs,salt,bread flour,active dry yeast|4717|840|6906|2499|6270|721|7956
221743|kittencal s best blasted rapid roast whole chicken|whole chicken,oil,margarine,lemon juice,seasoning salt,garlic powder,fresh ground black pepper,cayenne pepper,lemon|7819|4987|4574|4253|6374|3217|2816|1119|4231
56103|roasted brussels sprouts|brussels sprouts,olive oil,kosher salt,lemon-pepper seasoning|811|5006|4096|4293
87085|southwestern baked spaghetti|spaghetti,milk,egg,ground beef,onion,green bell pepper,garlic cloves,chili powder,cumin,oregano,salt,pepper,tomato sauce,shredded cheddar cheese,monterey jack cheese|6715|4717|2499|3484|5010|3399|3203|1329|2007|5106|6270|5319|7233|1168|4814
1356|ground beef stuffed green bell peppers with cheese|green peppers,beef,onion,tomatoes,long grain rice,water,salt,worcestershire sauce,cheddar cheese|3440|422|5010|7213|4470|7655|6270|7946|1168
29598|amazing chicken marinade|cider vinegar,whole grain mustard,garlic,lime,lemon,brown sugar,salt,olive oil,ground black pepper,boneless skinless chicken breast halves|1504|7839|3184|4379|4231|800|6270|5006|3486|1254
66703|big grandma s best peanut butter cookies|brown sugar,white sugar,butter flavor crisco,creamy peanut butter,salt,eggs,vanilla,baking soda,flour|800|7790|840|1938|6270|2499|7449|335|2683
52488|mean guy s general tso s chicken|chicken thigh,eggs,cornstarch,dried chili pods,rice vinegar,rice wine,sugar,soy sauce|1306|2499|1833|2238|6082|6083|6906|6696
49387|oven fried eggplant  aubergine|fat-free mayonnaise,onion,eggplant,fine dry breadcrumb,parmesan cheese,dried italian seasoning,vegetable oil cooking spray|4623|5010|2516|2620|5180|2283|1786
34499|awesome baked pork chops|pork chops,garlic powder,seasoning salt,eggs,all-purpose flour,italian style breadcrumbs,olive oil,condensed cream of mushroom soup,milk,white wine|5574|3217|6374|2499|63|728|5006|1674|4717|7801
54351|best oatmeal cookies|eggs,raisins,vanilla,butter,brown sugar,white sugar,flour,salt,cinnamon,baking soda,oatmeal,pecans|2499|5825|7449|840|800|7790|2683|6270|1511|335|4975|5298
222188|vanilla  buttercream frosting  from sprinkles cupcakes|unsalted butter,confectioners' sugar,milk,vanilla extract,salt|7367|1689|4717|7470|6270
26257|so it s bekah s pulled pork now|pork butt,black pepper,paprika,turbinado sugar,salt,dry mustard,cayenne,chicken stock,dry white wine,apple cider vinegar,molasses,plum tomato,shallots,pitted dates,garlic|5571|590|5168|7294|6270|2430|1118|1297|2461|155|4807|5519|6426|5476|3184
20616|irish rosie s irish soda bread|flour,sugar,baking soda,baking powder,salt,sour cream,eggs,caraway seeds,raisins|2683|6906|335|332|6270|6654|2499|1078|5825
19424|banana chocolate chip muffins|bananas,egg,low-fat buttermilk,granulated sugar,brown sugar,flour,baking soda,salt,chocolate chips,walnuts|342|2499|869|3355|800|2683|335|6270|1388|7642
80536|mahogany beef stew|olive oil,boneless beef chuck roast,onions,red wine,diced tomatoes,dried oregano,dried basil,thyme,hoisin sauce,bay leaves,garlic clove,carrot,cornstarch,water,fresh parsley|5006|441|5010|6007|2131|2320|2212|7168|3710|393|3203|1093|1833|7655|2856
35805|easy peezy pizza dough  bread machine pizza dough|granulated yeast,bread flour,salt,sugar,olive oil,water|7956|721|6270|6906|5006|7655
40497|oven crisp chicken wings|flour,paprika,garlic salt,black pepper,cayenne pepper,butter,chicken wings|2683|5168|3219|590|1119|840|1310
51537|my no roll pie crust|flour,salt,sugar,oil,milk|2683|6270|6906|4987|4717
37413|beef patties in onion gravy|ground beef,egg,dry breadcrumbs,dry onion soup mix,worcestershire sauce,pepper,water,flour|3484|2499|2404|2434|7946|5319|7655|2683
155186|fantastic taco casserole|ground beef,taco seasoning,refried beans,monterey jack cheese,salsa,green onions,black olives,tomatoes,corn chips|3484|7060|6016|4814|6265|6335|588|7213|1807
50144|crock pot potato chowder|potatoes,onion,chicken broth,condensed cream of chicken soup,cream cheese,bacon,chives|5648|5010|1257|1672|1910|298|1372
106627|caramelized butternut squash|butternut squash,unsalted butter,light brown sugar,kosher salt,fresh ground black pepper|875|7367|4320|4096|2816
64446|romano s macaroni grill rosemary bread|yeast,sugar,warm water,flour,salt,rosemary,butter|7956|6906|7650|2683|6270|6183|840
21761|brussels sprouts in garlic butter|brussels sprouts,butter,olive oil,garlic,parmesan cheese,salt and pepper|811|840|5006|3184|5180|6276
31516|spanish chicken   rice bake|cream of chicken soup,salsa,water,whole kernel corn,long-grain white rice,boneless chicken breast halves,chili powder,shredded cheddar cheese,canned black beans|1917|6265|7655|7850|4474|1254|1329|1168|970
110506|the best apple pie muffins ever|brown sugar,all-purpose flour,unsalted butter,cinnamon,vegetable oil,egg,vanilla,baking soda,salt,buttermilk,tart apples|800|63|7367|1511|7557|2499|7449|335|6270|869|7103
105670|bacon wrapped jalapeno poppers|fresh jalapeno peppers,cream cheese,shredded cheddar cheese,bacon|2826|1910|1168|298
121490|strawberries   cream bread  strawberry or blueberry|flour,baking powder,baking soda,salt,cinnamon,butter,sugar,light brown sugar,eggs,sour cream,vanilla,strawberries,walnuts|2683|332|335|6270|1511|840|6906|4320|2499|6654|7449|6846|7642
43072|oatmeal cottage cheese pancakes|oatmeal,cottage cheese,vanilla,egg whites|4975|1838|7449|2509
108775|baklava salmon  salmon with honey  butter  walnuts  and mustard|butter,whole grain mustard,honey,dry breadcrumbs,walnuts,fresh parsley,salmon fillets,black pepper,kosher salt,limes|840|7839|3723|2404|7642|2856|6261|590|4096|4379
29544|crock pot chops that will make you eat til you pop|pork chops,onions,celery ribs,green pepper,stewed tomatoes,ketchup,cider vinegar,brown sugar,worcestershire sauce,lemon juice,beef bouillon cube,cornstarch,water|5574|5010|1130|3440|6819|4053|1504|800|7946|4253|432|1833|7655
66241|buttermilk pancakes|eggs,all-purpose flour,sugar,baking powder,baking soda,salt,buttermilk,unsalted butter,vanilla extract,vegetable oil,maple syrup|2499|63|6906|332|335|6270|869|7367|7470|7557|4568
79944|bacon wrapped chicken  oamc|boneless skinless chicken breast halves,chive & onion cream cheese,butter,salt,bacon|1254|1910|840|6270|298
42169|jumbo shrimp parmesan|jumbo shrimp,olive oil,garlic,salt and pepper,unseasoned breadcrumbs,parmesan cheese,butter,lemon|4007|5006|3184|6276|7387|5180|840|4231
75302|mrs  geraldine s ground beef casserole|ground beef,tomatoes,onion,bell pepper,celery,mushrooms,brown sugar,worcestershire sauce,cream of mushroom soup,sharp cheddar cheese,angel hair pasta,tomato sauce,salt and pepper|3484|7213|5010|519|1124|4863|800|7946|1920|1168|132|7233|6276
25730|pumpkin pie dip|cream cheese,powdered sugar,pumpkin pie filling,ground cinnamon,ground ginger,apple,gingersnaps|1910|5695|5757|3497|3512|150|3270
82486|very moist banana nut bread|sugar,salt,flour,vegetable oil,eggs,vanilla,baking soda,buttermilk,pecans,bananas|6906|6270|2683|7557|2499|7449|335|869|5298|342
45940|slow cook down home pork chops and gravy|all-purpose flour,dry mustard,salt,garlic powder,boneless pork chops,condensed chicken broth,vegetable oil|63|2430|6270|3217|5574|1257|7557
129345|chicken scaloppine with lemon glaze   low fat and delicious|boneless skinless chicken breasts,dijon mustard,egg,dry breadcrumbs,poultry seasoning,garlic powder,seasoning salt,olive oil,chicken broth,fresh lemon juice,salt,lemon slices,fresh parsley|1252|2148|2499|2404|5667|3217|6374|5006|1257|2832|6270|4270|2856
20155|creamy potato salad|potatoes,bacon,celery,onion,sweet pickle relish,mayonnaise,sugar,celery seeds,apple cider vinegar,prepared mustard,salt,hardboiled egg|5648|298|1124|5010|5365|4623|6906|1133|155|4880|6270|3630
35988|tortellini tomato spinach soup|olive oil,onion,garlic clove,chicken broth,whole tomatoes,tortellini,kosher salt,cracked black pepper,fresh spinach,parmesan cheese|5006|5010|3203|1257|7863|7257|4096|1867|2898|5180
302120|traditional irish shepherd s pie|olive oil,black pepper,ground beef,onion,carrots,frozen peas,fresh thyme,flour,butter,red wine,tomato paste,worcestershire sauce,chicken stock,mashed potatoes,egg,parmesan cheese|5006|590|3484|5010|1093|3046|2909|2683|840|6007|7229|7946|1297|4610|2499|5180
178370|simple vanilla cupcakes|flour,salt,baking powder,butter,sugar,eggs,milk,vanilla essence|2683|6270|332|840|6906|2499|4717|7469
13285|greek style turkey burgers|ground turkey,feta cheese,kalamata olive,dried oregano,italian seasoning,dried parsley,dried basil,onion powder,garlic powder,ground black pepper|3548|2591|4023|2320|3940|2324|2212|5024|3217|3486
42780|long john silver s fish batter|flour,cornstarch,baking soda,baking powder,salt,water|2683|1833|335|332|6270|7655
30366|bev s macaroni and cheese|butter,flour,salt,dry mustard,pepper,milk,cheddar cheese,elbow macaroni|840|2683|6270|2430|5319|4717|1168|2518
44888|caramelized chicken wings|chicken wings,olive oil,soy sauce,ketchup,honey,garlic clove,salt,ground black pepper|1310|5006|6696|4053|3723|3203|6270|3486
32147|slow cooker beef short ribs|flour,salt,pepper,boneless beef short ribs,butter,onion,beef broth,red wine vinegar,brown sugar,chili sauce,catsup,worcestershire sauce,garlic,chili powder|2683|6270|5319|475|840|5010|437|6009|800|1330|1111|7946|3184|1329
29884|easy enchiladas  beef or chicken|ground beef,onion,garlic powder,worcestershire sauce,tomato sauce,paprika,oregano,chili powder,cumin,black pepper,cheese,enchilada sauce,olive,corn tortillas,oil|3484|5010|3217|7946|7233|5168|5106|1329|2007|590|1170|2530|5003|7258|4987
108231|amazing chicken tortilla soup|olive oil,onion,garlic cloves,jalapeno pepper,green pepper,boneless skinless chicken breasts,frozen corn,dry white wine,cumin,chili powder,cayenne pepper,chicken broth,diced tomatoes,tomato sauce,non-fat tortilla chips|5006|5010|3203|3957|3440|1252|2991|2461|2007|1329|1119|1257|2131|7233|7258
57130|awesome slow cooker pot roast|condensed cream of mushroom soup,dry onion soup mix,water,pot roast|1674|2434|7655|5645
30081|ground beef gyros|plain yogurt,cucumber,onions,garlic clove,sugar,lean ground beef,dried oregano,garlic powder,onion powder,salt,pepper,pita breads,lettuce,tomatoes,onion|5502|2001|5010|3203|6906|4189|2320|3217|5024|6270|5319|5469|4308|7213|5010
80413|homemade hamburger buns  bread machine|milk,egg,butter,white sugar,salt,bread flour,active dry yeast|4717|2499|840|7790|6270|721|7956
42094|texas red enchilada sauce|butter,flour,red chili powder,cumin,garlic powder,tomato paste,water,salt and pepper|840|2683|5932|2007|3217|7229|7655|6276
112683|white chocolate chip cranberry oatmeal cookies|sugar,brown sugar,butter,egg,vanilla extract,cinnamon,baking soda,salt,all-purpose flour,quick-cooking oats,dried cranberries,white chocolate chips|6906|800|840|2499|7470|1511|335|6270|63|4969|2251|7731
76491|thick chocolate pudding|sugar,cocoa,cornstarch,salt,skim milk,vanilla extract|6906|1584|1833|6270|6516|7470
87925|kittencal s extreme chocolate brownies|butter,sugar,water,semi-sweet chocolate chips,vanilla,eggs,flour,baking soda,salt|840|6906|7655|1388|7449|2499|2683|335|6270
10125|soft batch chocolate chip cookies|butter,sugar,light brown sugar,eggs,vanilla,flour,baking soda,instant vanilla pudding,milk chocolate chips,walnuts|840|6906|4320|2499|7449|2683|335|3910|4722|7642
55768|baja black beans  corn and rice|cooked brown rice,black beans,corn,fresh tomatoes,red onion,cilantro,jalapeno pepper,fresh lime juice,olive oil,salt,fresh ground pepper,hot sauce|1706|553|1803|2913|5966|1505|3957|2837|5006|6270|2817|3810
21882|chicken pesto|pesto sauce mix,boneless skinless chicken breasts,breadcrumbs,provolone cheese,mushrooms|5352|1252|728|5731|4863
104086|the best chicken tortilla soup|chicken broth,tomato sauce,diced tomatoes,cooked chicken,anaheim chilies,jalapeno pepper,diced onion,tomatoes,garlic cloves,cilantro,chili powder,cumin,pepper,salt,tabasco sauce,chipotle pepper,shredded cheddar cheese,avocado,lime,tortilla chips|1257|7233|2131|1707|119|3957|2128|7213|3203|1505|1329|2007|5319|6270|7049|1368|1168|255|4379|7258
101104|libby s famous pumpkin pie|granulated sugar,salt,ground cinnamon,ground ginger,ground cloves,eggs,pumpkin puree,carnation evaporated milk,unbaked 9-inch deep dish pie pastry,whipped cream|3355|6270|3497|3512|3498|2499|5760|2559|7347|7702
185342|weight watchers parmesan chicken cutlets|parmesan cheese,italian seasoned breadcrumbs,paprika,dried parsley,garlic powder,fresh ground pepper,boneless skinless chicken breast|5180|3939|5168|2324|3217|2817|1252
14979|old fashioned banana cream pie|pie crusts,whole milk,white sugar,all-purpose flour,salt,egg yolks,butter,vanilla,bananas|5375|7853|7790|63|6270|2512|840|7449|342
18914|incredibly delicious cheese garlic bread spread|margarine,garlic,garlic powder,black pepper,parmesan cheese,cheddar cheese|4574|3184|3217|590|5180|1168
56694|the very best salisbury steak|french onion soup,ground beef,dry breadcrumbs,egg,salt,ground black pepper,all-purpose flour,ketchup,worcestershire sauce,mustard powder,water|2730|3484|2404|2499|6270|3486|63|4053|7946|4883|7655
24672|the ultimate strawberry shortcake|fresh strawberries,sugar,cream cheese,powdered sugar,frozen whipped topping,angel food cake|2901|6906|1910|5695|3108|131
185445|best pumpkin cookies|butter,sugar,brown sugar,canned pumpkin,egg,vanilla extract,flour,baking soda,baking powder,cinnamon,ground nutmeg,salt,dark brown sugar,milk,confectioners' sugar|840|6906|800|1013|2499|7470|2683|335|332|1511|3527|6270|2045|4717|1689
78194|taco bell quesadillas|mayonnaise,jalapenos,jalapeno juice,sugar,cumin,paprika,cayenne pepper,garlic powder,salt,flour tortillas,chicken tenderloins,cheddar cheese,monterey jack cheese,process american cheese|4623|3951|3956|6906|2007|5168|1119|3217|6270|7258|1305|1168|4814|5720
66575|fruit salad with pudding|peach slices,pineapple chunks,vanilla instant pudding mix,strawberry,banana,blueberries,grapes,sugar|5247|5410|7479|6846|342|648|3357|6906
17126|quick spanish rice|stewed tomatoes,chicken stock,rice,butter,chili powder,oregano,garlic salt,cumin|6819|1297|6061|840|1329|5106|3219|2007
145064|kittencal s easy no fail make anytime turkey gravy|butter,all-purpose flour,black pepper,pan drippings|840|63|590|5144
99709|baked tilapia with lots of spice|salt,paprika,onion powder,dry mustard,garlic powder,pepper,cumin,basil,italian seasoning,tilapia fillets,breadcrumbs,green onions,dried parsley flakes,olive oil|6270|5168|5024|2430|3217|5319|2007|382|3940|7178|728|6335|2325|5006
136589|best apple cake|flour,sugar,baking soda,salt,eggs,vegetable oil,vanilla,apples,apple juice,walnuts,brown sugar,butter,whipping cream|2683|6906|335|6270|2499|7557|7449|150|159|7642|800|840|7705
102617|kittencal s famous coleslaw|green cabbage,carrot,green onions,celery seeds,mayonnaise,whole milk,buttermilk,white vinegar,fresh lemon juice,white sugar,garlic powder,seasoning salt,fresh ground black pepper|3402|1093|6335|1133|4623|7853|869|7799|2832|7790|3217|6374|2816
52272|thick and creamy new england clam chowder|bacon,onion,baby clams,potatoes,cream of celery soup,heavy cream,milk,butter,dried dill weed|298|5010|271|5648|1914|3668|4717|840|2258
52892|olive garden garlic alfredo sauce|butter,cream cheese,heavy cream,garlic powder,salt & freshly ground black pepper,parmesan cheese|840|1910|3668|3217|6272|5180
74629|brown rice and lentil casserole|chicken broth,lentils,brown rice,onion,italian seasoning,garlic powder,cheese|1257|4305|790|5010|3940|3217|1170
116849|kittencal s famous caesar salad|head romaine lettuce,garlic-flavored croutons,parmesan cheese,black pepper,anchovy fillets,fresh garlic cloves,mayonnaise,half-and-half cream,lemon juice,dijon mustard,salt and pepper,worcestershire sauce,buttermilk|4308|3204|5180|590|125|2808|4623|3590|4253|2148|6276|7946|869
13269|pepsi pork roast|pork shoulder butt,pepsi,cream of mushroom soup,onion soup mix|5612|5343|1920|5033
11345|grandma s soft sugar cookies|eggs,vegetable oil,vanilla,white sugar,flour,baking powder,salt|2499|7557|7449|7790|2683|332|6270
74730|zesty oven baked fries|baking potatoes,parmesan cheese,oil,salt,garlic powder,paprika,black pepper|331|5180|4987|6270|3217|5168|590
53508|charlie s famous chicken salad with grapes|cooked chicken,celery,seedless grapes,walnuts,onion,salt,worcestershire sauce,miracle whip|1707|1124|6380|7642|5010|6270|7946|4763
34688|potato kielbasa skillet|potatoes,kielbasa,onion,green pepper,vegetable oil,oregano,basil,salt,pepper,water,american cheese|5648|4063|5010|3440|7557|5106|382|6270|5319|7655|112
26849|world s best chocolate chip cookies|white sugar,brown sugar,butter,vanilla,eggs,all-purpose flour,baking soda,salt,semi-sweet chocolate chips,walnuts|7790|800|840|7449|2499|63|335|6270|1388|7642
100727|thick  soft  and chewy chocolate chip cookies|all-purpose flour,baking soda,salt,real butter,shortening,brown sugar,vanilla,eggs,semi-sweet chocolate chips,nuts|63|335|6270|5901|6473|800|7449|2499|1388|4958
34881|black bean and tortilla bake|garlic clove,onion,chopped tomato,green onion,chili powder,cumin powder,tomato sauce,black beans,cilantro,salt and pepper,corn tortillas,low-fat cheddar cheese|3203|5010|1480|6335|1329|2009|7233|553|1505|6276|7258|1168
101954|utterly deadly southern pecan pie|sugar,corn syrup,eggs,butter,vanilla,pecans,deep dish pie shell|6906|1824|2499|840|7449|5298|2099
26306|copycat  green giant niblets corn in butter sauce|frozen corn,salt,butter,sugar,water,cornstarch|2991|6270|840|6906|7655|1833
27733|chicken garlic bites|boneless skinless chicken breasts,olive oil,garlic cloves,pepper,breadcrumbs,cayenne pepper|1252|5006|3203|5319|728|1119
21363|hamburger noodle bake|hamburger,onions,garlic,salt,pepper,sugar,tomato sauce,cream cheese,sour cream,shredded cheddar cheese,noodles|3609|5010|3184|6270|5319|6906|7233|1910|6654|1168|4947
13546|beth s pizza crust|yeast,water,flour,olive oil,sugar,salt|7956|7655|2683|5006|6906|6270
183081|40 minute hamburger buns|active dry yeast,water,warm water,vegetable oil,sugar,egg,salt,flour|7956|7655|7650|7557|6906|2499|6270|2683
105594|mom s chocolate cupcakes|flour,granulated sugar,baking soda,salt,cocoa powder,oil,water,vanilla extract,vinegar|2683|3355|335|6270|1589|4987|7655|7470|7620
89751|kittencal s easy one bowl vanilla cupcakes|all-purpose flour,sugar,baking powder,salt,shortening,milk,vanilla,eggs|63|6906|332|6270|6473|4717|7449|2499
59635|chili s salsa|tomatoes and green chilies,whole canned tomatoes,jalapenos,yellow onion,garlic salt,cumin,sugar|7237|7816|3951|7979|3219|2007|6906
49200|easy baked potato wedges|potatoes,cooking oil,parmesan cheese,salt,paprika,pepper,garlic powder|5648|1783|5180|6270|5168|5319|3217
111777|chicken pot pie with 2 crusts|margarine,flour,onion,salt,pepper,chicken broth,milk,cooked chicken,frozen mixed vegetables,pie crusts|4574|2683|5010|6270|5319|1257|4717|1707|3037|5375
87748|all purpose stir fry sauce  brown garlic sauce|soy sauce,chicken broth,rice wine,sugar,sesame oil,white pepper,cooking oil,garlic,minced ginger,cornstarch,water|6696|1257|6083|6906|6413|7774|1783|3184|4741|1833|7655
486496|bacon lattice tomato muffins  rsc|reynolds wrap foil,bacon,flakey biscuits,mayonnaise,cream cheese,dried rosemary,salt,pepper,grape tomatoes,diced onion,monterey jack cheese|6049|298|2667|4623|1910|2350|6270|5319|3365|2128|4814
13982|honey ginger grilled salmon|ground ginger,garlic powder,reduced sodium soy sauce,orange juice,honey,green onion,salmon fillets|3512|3217|6696|5058|3723|6335|6261
49737|panera bread  black bean soup|onion,garlic cloves,celery ribs,red bell pepper,chicken bouillon cubes,boiling water,black beans,salt,cumin,lemon, juice of,cornstarch|5010|3203|1130|5915|1248|673|553|6270|2007|4287|1833
42603|ranch chicken thighs|dry breadcrumbs,parmesan cheese,yellow cornmeal,italian seasoning,chicken thighs,ranch salad dressing,seasoning salt|2404|5180|7970|3940|1306|2200|6374
44232|tomato and basil bruschetta|roma tomatoes,garlic,olive oil,balsamic vinegar,fresh basil,kosher salt,fresh cracked pepper,italian bread,parmigiano-reggiano cheese|6160|3184|5006|339|2757|4096|2789|3923|5184
83203|korean roast chicken thighs|chicken thighs,soy sauce,green onion,sesame oil,honey,garlic,ground ginger,black pepper|1306|6696|6335|6413|3723|3184|3512|590
12522|steven s world famous to die for sour cream chicken|chicken breasts,sour cream,ritz crackers,sweet butter,parmesan cheese,tarragon|1252|6654|6097|6962|5180|7099
42071|best cream of broccoli soup|butter,onion,garlic clove,celery,chicken broth,broccoli,flour,milk,pepper,velveeta cheese|840|5010|3203|1124|1257|756|2683|4717|5319|7594
8603|easy banana muffins|bananas,white sugar,egg,baking soda,baking powder,all-purpose flour,butter,salt,nuts,chocolate chips|342|7790|2499|335|332|63|840|6270|4958|1388
31562|buttery shrimp and pasta|pasta,butter,shrimp,garlic,half-and-half,fresh basil,parmesan cheese,black pepper,red pepper flakes|5219|840|6487|3184|3589|2757|5180|590|5975
129598|flawless sesame chicken  restaurant style|whole boneless chicken breasts,light soy sauce,cooking wine,sesame oil,flour,cornstarch,water,baking powder,baking soda,vegetable oil,chicken broth,white vinegar,sugar,dark soy sauce,chili paste,garlic clove,peanut oil,toasted sesame seeds|7820|6696|1787|6413|2683|1833|7655|332|335|7557|1257|7799|6906|6696|1325|3203|5276|7194
53198|the ultimate salmon fillets|salmon fillet,sour cream,prepared mustard,onions,dried dill weed,mayonnaise,parmesan cheese,cheddar cheese,paprika|6261|6654|4880|5010|2258|4623|5180|1168|5168
108105|thai chicken breasts|fresh gingerroot,garlic,crushed red pepper flakes,boneless skinless chicken breasts,flour,salt and pepper,olive oil,soy sauce,brown sugar,white wine vinegar,fish sauce,sugar snap pea|2810|3184|1986|1252|2683|6276|5006|6696|800|7803|2654|6916
35393|berry smash muffins  strawberry muffins|fresh strawberries,sugar,vegetable oil,eggs,gold medal all-purpose flour,baking soda,salt,cinnamon|2901|6906|7557|2499|3301|335|6270|1511
108248|nestle toll house chocolate chip pan cookie|all-purpose flour,baking soda,salt,butter,granulated sugar,brown sugar,vanilla extract,eggs,semi-sweet chocolate chips,nuts|63|335|6270|840|3355|800|7470|2499|1388|4958
11107|buttered egg noodles  best ever|wyler's chicken bouillon cubes,water,real butter,egg noodles|7655|5901|2503
135272|lemon baked cod|cod fish fillet,butter,lemon juice,all-purpose flour,salt,white pepper,paprika|1622|840|4253|63|6270|7774|5168
18816|cabbage for those who dislike cabbage|butter,canola oil,green cabbage,brown sugar,garlic cloves,red wine vinegar,salt,fresh ground black pepper|840|1043|3402|800|3203|6009|6270|2816
84516|low carb pizza|cream cheese,eggs,heavy cream,parmesan cheese,chives,italian seasoning,garlic,mozzarella cheese,pizza sauce,pizza toppings|1910|2499|3668|5180|1372|3940|3184|4836|5485|5487
83561|oven fried garlic chicken|breadcrumbs,parmesan cheese,fresh parsley,salt,fresh ground pepper,butter,garlic cloves,chicken|728|5180|2856|6270|2817|840|3203|1240
33170|simple caribbean jerk chicken|italian salad dressing mix,brown sugar,oil,soy sauce,cinnamon,thyme,ground red pepper,chicken pieces|2200|800|4987|6696|1511|7168|3536|1289
50684|world s best butter cookies|unsalted butter,granulated sugar,salt,pure vanilla extract,egg yolk,all-purpose flour|7367|3355|6270|5767|2512|63
199579|best ever tuna noodle casserole|cream of chicken soup,mayonnaise,milk,yellow onion,celery,albacore tuna,cooked egg noodles,shredded cheddar cheese,salt and pepper|1917|4623|4717|7979|1124|48|1717|1168|6276
155021|unbelievable baked buffalo wings|chicken wings,cayenne pepper,crushed red pepper flakes,salt,louisiana hot sauce,margarine|1310|1119|1986|6270|4479|4574
8972|waldorf astoria red velvet cake|shortening,sugar,eggs,red food coloring,cocoa,buttermilk,cake flour,salt,vanilla,baking soda,vinegar,flour,milk,butter|6473|6906|2499|5947|1584|869|911|6270|7449|335|7620|2683|4717|840
28165|chicken  shrimp and andouille jambalaya|extra virgin olive oil,boneless skinless chicken thighs,andouille sausage,onion,celery ribs,green bell pepper,red bell pepper,dried thyme,dried oregano,sweet paprika,salt,cayenne pepper,long grain rice,tomatoes,chicken broth,medium shrimp,fresh parsley,green onions|5006|1306|6324|5010|1130|3399|5915|2378|2320|6983|6270|1119|4470|7213|1257|4661|2856|6335
749|zucchini lasagna  lasagne    low carb|zucchini,lean ground beef,onion,tomatoes,tomato paste,garlic clove,dried oregano,dried basil,dried thyme,water,pepper,egg,low fat cottage cheese,mozzarella cheese,flour|8021|4189|5010|7213|7229|3203|2320|2212|2378|7655|5319|2499|1838|4836|2683
80118|kittencal s bakery buttercream  frosting icing|shortening,butter,18% table cream,salt,almond extract,vanilla,confectioners' sugar,food coloring|6473|840|7053|6270|77|7449|1689|2696
293243|quick cinnamon rolls   no yeast|flour,sugar,baking powder,salt,butter,milk,brown sugar,cinnamon,powdered sugar|2683|6906|332|6270|840|4717|800|1511|5695
118761|microwave poached eggs|egg,white vinegar,water,salt and pepper|2499|7799|7655|6276
25723|tiny cinnamon rolls|refrigerated crescent dinner rolls,sugar,ground cinnamon,powdered sugar,milk,vanilla|6029|6906|3497|5695|4717|7449
48532|peanut butter chocolate chunk cookies|unsalted butter,chunky peanut butter,sugar,dark brown sugar,egg,vanilla,all-purpose flour,baking soda,bittersweet chocolate chips|7367|1494|6906|2045|2499|7449|63|335|548
155018|pan roasted broccoli|water,salt,pepper,vegetable oil,broccoli|7655|6270|5319|7557|756
98724|simple tomato sandwich|bread,tomatoes,miracle whip,salt|715|7213|4763|6270
132546|kittencal s chinese chicken balls with sweet and sour sauce|ketchup,soy sauce,white vinegar,brown sugar,white sugar,cold water,cornstarch,all-purpose flour,baking powder,baking soda,garlic powder,sugar,sesame oil,oil,chicken breasts,seasoning salt|4053|6696|7799|800|7790|1645|1833|63|332|335|3217|6906|6413|4987|1252|6374
152441|24k carrots|carrots,brown sugar,butter,ground ginger|1093|800|840|3512
262140|cheesy ham and potato soup|potatoes,celery,onion,carrot,ham,water,chicken bouillon granules,salt,pepper,butter,flour,milk,cheddar cheese|5648|1124|5010|1093|3597|7655|1249|6270|5319|840|2683|4717|1168
64138|crock pot ravioli|beef ravioli,pasta sauce,tomato sauce,water,red peppers,italian spices,mozzarella cheese|465|5205|7233|7655|5974|3941|4836
53301|chewy double chocolate chip cookies|butter,sugar,eggs,vanilla,flour,cocoa,baking soda,salt,chocolate chips|840|6906|2499|7449|2683|1584|335|6270|1388
110683|basic batter waffles|eggs,milk,vegetable oil,all-purpose flour,baking powder,sugar,salt,vanilla,maple extract|2499|4717|7557|63|332|6906|6270|7449|4565
3180|vanishing oatmeal raisin cookies|margarine,brown sugar,granulated sugar,eggs,vanilla,all-purpose flour,baking soda,cinnamon,salt,quicker quaker oats,raisins|4574|800|3355|2499|7449|63|335|1511|6270|5793|5825
8596|olive garden fettuccine alfredo|butter,cream cheese,heavy cream,garlic powder,salt,black pepper,parmesan cheese,fettuccine|840|1910|3668|3217|6270|590|5180|2592
69089|artichoke and chicken bake|water-packed artichoke hearts,parmesan cheese,mayonnaise,garlic powder,boneless skinless chicken breast halves|7658|5180|4623|3217|1254
14499|bacardi rum cake|pecans,yellow cake mix,vanilla instant pudding mix,eggs,cold water,cooking oil,dark rum,butter,water,sugar|5298|912|7479|2499|1645|1783|6212|840|7655|6906
9494|red lobster cheddar bay biscuits copycat|bisquick,milk,cheddar cheese,butter,garlic powder|537|4717|1168|840|3217
51997|awesome blueberry muffins|all-purpose flour,white sugar,salt,baking powder,vegetable oil,egg,milk,fresh blueberries,butter,ground cinnamon|63|7790|6270|332|7557|2499|4717|2763|840|3497
57919|tilapia al ajillo  garlic tilapia|tilapia fillets,garlic cloves,olive oil,salt and pepper,lemon,parsley|7178|3203|5006|6276|4231|5185
38041|my favorite chocolate chip cookies|shortening,butter,sugar,brown sugar,eggs,vanilla,flour,baking soda,salt,chocolate chips|6473|840|6906|800|2499|7449|2683|335|6270|1388
71557|balsamic chicken thighs|skinless chicken thighs,salt and pepper,shallot,balsamic vinegar,cooking spray|1306|6276|6426|339|1786
107072|crispy ginger beef|flank steaks,cornstarch,water,eggs,carrot,green onions,fresh ginger,garlic cloves,canola oil,soy sauce,rice vinegar,sesame oil,sugar,crushed red pepper flakes|2668|1833|7655|2499|1093|6335|2809|3203|1043|6696|6082|6413|6906|1986
45069|debbie s crock pot chili|chili powder,ground coriander,ground cumin,garlic powder,oregano,cayenne pepper,ground beef,onion,diced tomatoes,tomato sauce,kidney beans|1329|3500|3502|3217|5106|1119|3484|5010|2131|7233|4062
38641|brown sugar meatloaf|brown sugar,ketchup,lean ground beef,milk,eggs,salt,ground black pepper,onion,ground ginger,saltine crumbs|800|4053|4189|4717|2499|6270|3486|5010|3512|6295
486641|moist   delicious banana nut bread|butter,sugar,vanilla,eggs,bananas,milk,flour,salt,baking soda,pecans|840|6906|7449|2499|342|4717|2683|6270|335|5298
46501|basic machine french bread|water,flour,salt,dry yeast|7655|2683|6270|7956
31342|blender quiche   or whatever you have in your kitchen leftover|shredded cheddar cheese,chicken meat,zucchini,eggs,baking mix,salt,garlic powder,dried onion flakes,fresh parsley,milk,olive oil,paprika|1168|1284|8021|2499|330|6270|3217|2318|2856|4717|5006|5168
36984|the best browned beef stew ever|beef stew meat,flour,salt,pepper,vegetable oil,onion,carrot,celery,dried parsley,thyme,beef broth,potatoes,carrots,onions|483|2683|6270|5319|7557|5010|1093|1124|2324|7168|437|5648|1093|5010
107281|best albondigas soup|lean ground beef,chorizo sausage,egg,garlic cloves,carrot,cooked rice,cilantro leaf,salt,pepper,ground cumin,chicken broth,onion,celery,diced tomatoes,oregano,cilantro,zucchini|4189|6324|2499|3203|1093|1746|1506|6270|5319|3502|1257|5010|1124|2131|5106|1505|8021
68159|roasted garlic mashed potatoes   the best you ve ever had|potatoes,garlic,olive oil,sour cream,butter,milk,salt,white pepper|5648|3184|5006|6654|840|4717|6270|7774
28943|most incredible no fail pie crust|flour,shortening,salt,egg,cold water,vinegar|2683|6473|6270|2499|1645|7620
31371|bev s sauteed yellow squash|summer squash,butter,onion,salt & pepper|6924|840|5010|6273
95068|just like loaded baked potatoes casserole|cauliflower,sour cream,shredded cheddar cheese,green onions,cooked bacon,salt and pepper|1112|6654|1168|6335|1699|6276
16371|streamlined chimichangas|ground beef,onion,garlic clove,pace picante sauce,ground cumin,dried oregano leaves,salt,flour tortillas,butter|3484|5010|3203|5138|3502|2321|6270|7258|840
92016|cinnamon swirl quick bread|butter,sugar,egg,all-purpose flour,baking powder,baking soda,salt,buttermilk,ground cinnamon|840|6906|2499|63|332|335|6270|869|3497
98415|tsr version of ihop buttermilk pancakes by todd wilbur|all-purpose flour,egg,buttermilk,granulated sugar,baking powder,baking soda,cooking oil,salt|63|2499|869|3355|332|335|1783|6270
74048|puppy chow or monkey munch|chex cereal,semi-sweet chocolate chips,smooth peanut butter,butter,vanilla,powdered sugar|1237|1388|6598|840|7449|5695
19724|adam s ribs|country-style pork ribs,dr. pepper cola,garlic cloves,liquid smoke,onion,barbecue sauce|5599|2195|3203|4436|5010|367
30946|granny s banana cream pie|sugar,all-purpose flour,salt,milk,egg yolks,butter,vanilla extract,firm bananas,pie shells,whipped cream,banana|6906|63|6270|4717|2512|840|7470|2638|5381|7702|342
256914|tsr version of red lobster cheddar bay biscuits by todd wilbur|bisquick baking mix,butter,sharp cheddar cheese,whole milk,garlic powder,dried parsley flakes,salt|538|840|1168|7853|3217|2325|6270
109685|mexican enchilada sauce|chili powder,flour,cocoa powder,garlic salt,oregano,water,tomato sauce|1329|2683|1589|3219|5106|7655|7233
29493|honey roasted pork loin|pork loin,salt and pepper,honey,orange juice,olive oil,thyme,chicken broth|5590|6276|3723|5058|5006|7168|1257
137575|southern fried salmon patties|canned salmon,onion,cornmeal,flour,egg,mayonnaise|1017|5010|1831|2683|2499|4623
79606|dirty shrimp in butter beer sauce|shrimp,butter,garlic,dried oregano,dried basil,dried thyme,cayenne pepper,crushed red pepper flakes,salt,black pepper,beer|6487|840|3184|2320|2212|2378|1119|1986|6270|590|510
51209|pizza hut style pizza dough  bread machine|water,sugar,salt,olive oil,cornmeal,unbleached all-purpose flour,baking powder,garlic powder,onion powder,msg,bread machine yeast|7655|6906|6270|5006|1831|7355|332|3217|5024|4838|7956
32607|wholesome homemade honey whole wheat bread|yeast,water,butter,molasses,honey,salt,whole wheat flour,white flour|7956|7655|840|4807|3723|6270|7887|7754
101041|lisa s swirled chocolate chip cookies|butter,granulated sugar,brown sugar,vanilla,eggs,flour,baking soda,salt,nestle semi-sweet and white chocolate swirled chocolate morsels|840|3355|800|7449|2499|2683|335|6270|127
16887|do at home onion rings|egg,vegetable oil,milk,flour,salt,baking powder,sweet onions,oil|2499|7557|4717|2683|6270|332|6980|4987
38966|quick yellow cake|flour,sugar,baking powder,salt,shortening,milk,vanilla,eggs|2683|6906|332|6270|6473|4717|7449|2499
146427|sweet chicken bacon wraps  paula deen|boneless skinless chicken breasts,bacon,brown sugar,chili powder|1252|298|800|1329
294196|perfect rump roast|rump roast,garlic cloves,salt,pepper,onion,water|6215|3203|6270|5319|5010|7655
29935|1 pan fudge cake|sugar,cocoa,baking soda,flour,salt,vanilla,vegetable oil,water,vinegar|6906|1584|335|2683|6270|7449|7557|7655|7620
47111|cinnamon raisin bread for the bread machine|water,margarine,flour,sugar,salt,cinnamon,yeast,raisins|7655|4574|2683|6906|6270|1511|7956|5825
126623|jolean s cheese potato   smoked sausage casserole|idaho potatoes,butter,flour,milk,salt,pepper,velveeta cheese,sharp cheddar cheese,smoked sausage,paprika|3836|840|2683|4717|6270|5319|7594|1168|6324|5168
92096|authentic italian tomato sauce|tomato puree,plum tomatoes,garlic,onion,cloves,basil,kosher salt,fresh ground pepper,sugar,extra virgin olive oil,cheese|7230|5519|3184|5010|1563|382|4096|2817|6906|5006|1170
29301|chicken curry in a hurry|flour,salt,cayenne pepper,boneless skinless chicken breast,canola oil,curry powder,onion,garlic cloves,chicken broth,golden raisin,tomato paste,fresh cilantro,plain nonfat yogurt|2683|6270|1119|1252|1043|2022|5010|3203|1257|3311|7229|2777|5502
99156|thai grilled chicken thighs|boneless skinless chicken thighs,fresh basil,fresh coriander,ginger,garlic,chili,soy sauce,fish sauce,olive oil,brown sugar|1306|2757|2783|3248|3184|1317|6696|2654|5006|800
125633|cream cheese cinnamon crescents|crescent roll dough,cream cheese,sugar,vanilla,butter,cinnamon|1959|1910|6906|7449|840|1511
5478|easy garlic chicken|boneless skinless chicken breasts,garlic cloves,brown sugar,olive oil,spices|1252|3203|800|5006|6738
348802|olive garden style chicken and gnocchi soup|chicken breasts,chicken stock,half-and-half,celery,garlic clove,carrot,onion,fresh spinach,olive oil,thyme,salt and pepper,potato gnocchi,cornstarch|1252|1297|3589|1124|3203|1093|5010|2898|5006|7168|6276|5658|1833
55673|baked balsamic chicken|chicken breast halves,balsamic vinegar,olive oil,dried oregano,kosher salt,fresh ground black pepper|1254|339|5006|2320|4096|2816
29329|italian chopped salad in shells|jumbo pasta shells,romaine lettuce,fresh basil,cooked chicken,tomatoes,cucumber,hard salami,garlic vinaigrette dressing|4006|4308|2757|1707|7213|2001|3623|2200
38953|our favourite lemon loaf|butter,sugar,eggs,milk,all-purpose flour,baking powder,salt,lemon,lemon, juice of|840|6906|2499|4717|63|332|6270|4231|4287
28648|baked ham and cheese omelet roll|eggs,milk,all-purpose flour,salt,black pepper,cooked ham,sharp cheddar cheese|2499|4717|63|6270|590|1723|1168
43908|yummy baked potato skins|baking potatoes,vegetable oil,parmesan cheese,salt,garlic powder,paprika,pepper,bacon,cheddar cheese,sour cream,green onions|331|7557|5180|6270|3217|5168|5319|298|1168|6654|6335
16884|awesome bacon tomato dip|sour cream,mayonnaise,cream cheese,cheddar cheese,onion,green pepper,tomatoes,bacon,garlic powder,black pepper,lettuce|6654|4623|1910|1168|5010|3440|7213|298|3217|590|4308
251220|kittencal s fluffiest scrambled eggs|butter,eggs,milk,baking powder,salt,fresh coarse ground black pepper,low-fat cheddar cheese|840|2499|4717|332|6270|2780|1168
215414|kittencal s scalloped potato and ground beef casserole|ground beef,onion,green bell pepper,garlic cloves,dried chili pepper flakes,seasoning salt,fresh ground black pepper,russet potatoes,shredded cheddar cheese,condensed cream of chicken soup,light cream,sour cream,parmesan cheese,garlic powder|3484|5010|3399|3203|2237|6374|2816|6220|1168|1672|4333|6654|5180|3217
51140|granny s slow cooker vegetarian chili|black bean soup,kidney beans,garbanzo beans,vegetarian baked beans,tomato puree,whole kernel corn,onion,green bell pepper,zucchini,celery,garlic cloves,chilies,jalapeno,chili powder,cumin,dried parsley,dried oregano,dried basil,cilantro|560|4062|3179|7569|7230|7850|5010|3399|8021|1124|3203|1336|3951|1329|2007|2324|2320|2212|1505
138173|kittencal s onion patties latkes|onions,green onion,flour,sugar,baking powder,seasoning salt,cayenne pepper,garlic powder,black pepper,milk,oil|5010|6335|2683|6906|332|6374|1119|3217|590|4717|4987
27968|the easiest  bestest focaccia bread ever|all-purpose flour,salt,white sugar,active dry yeast,garlic powder,oregano,dried thyme,dried basil,ground black pepper,vegetable oil,warm water,olive oil,parmesan cheese,mozzarella cheese|63|6270|7790|7956|3217|5106|2378|2212|3486|7557|7650|5006|5180|4836
103403|french dip roast beef for the crock pot|boneless chuck roast,soy sauce,beef bouillon cube,bay leaf,peppercorns,dried rosemary,dried thyme,garlic powder,french rolls|1485|6696|432|393|5324|2350|2378|3217|2733
35775|breakfast casserole supreme|margarine,sweet onion,green pepper,tomatoes,frozen hash brown potatoes,eggs,ham,cheddar cheese|4574|6980|3440|7213|3022|2499|3597|1168
128566|homemade chicken pot pie|potatoes,margarine,onion,celery,frozen mixed vegetables,all-purpose flour,refrigerated pie crusts,chicken broth,half-and-half,salt,pepper,cooked chicken,salt and pepper|5648|4574|5010|1124|3037|63|6036|1257|3589|6270|5319|1707|6276
20048|parmesan sage pork chops|breadcrumbs,parmesan cheese,dried rubbed sage,lemon rind,eggs,flour,salt and pepper,pork chops,butter,olive oil|728|5180|2352|4267|2499|2683|6276|5574|840|5006
56366|bestest hamburger soup|ground beef,salt,pepper,oregano,basil,seasoning salt,onion soup mix,boiling water,tomato sauce,soy sauce,celery,celery leaves,carrot,dried split peas,elbow macaroni,parmesan cheese|3484|6270|5319|5106|382|6374|5033|673|7233|6696|1124|1128|1093|2366|2518|5180
115110|secretly delicious spinach pie|jumbo eggs,milk,roasted garlic cloves,lemon pepper,salt,cooked bacon,flour tortilla,cheese,fresh spinach|4003|4717|6122|4262|6270|1699|7258|1170|2898
117317|blue ridge mountains chocolate chip cookies|shortening,butter,white sugar,brown sugar,vanilla,almond extract,baking soda,eggs,bleached all purpose flour,salt,chocolate chips|6473|840|7790|800|7449|77|335|2499|630|6270|1388
141789|caesar pork chops|flour,italian seasoning,caesar salad dressing,pork loin chops with bone,parmesan cheese|2683|3940|2200|5591|5180
69407|chocolate chocolate chip sour cream banana bread|butter,sugar,vanilla extract,eggs,flour,baking cocoa,baking soda,salt,bananas,sour cream,milk chocolate chips|840|6906|7470|2499|2683|328|335|6270|342|6654|4722
162379|weight watchers general tso s chicken|reduced-sodium chicken broth,cornstarch,sugar,low sodium soy sauce,white wine vinegar,ground ginger,peanut oil,scallions,garlic cloves,red pepper flakes,boneless skinless chicken breast,cooked white rice|1257|1833|6906|6696|7803|3512|5276|6335|3203|5975|1252|1766
137725|healthy no bake cookies|skim milk,sugar,cocoa powder,vanilla,crunchy peanut butter,wheat germ,ground flax seeds,quick oatmeal|6516|6906|1589|7449|1981|7688|3510|5792
71360|quick soft breadsticks|warm water,brown sugar,salt,oil,bread flour,yeast|7650|800|6270|4987|721|7956
257276|paula deen crock pot macaroni and cheese|elbow macaroni,butter,sharp cheddar cheese,eggs,sour cream,condensed cheddar cheese soup,salt,whole milk,dry mustard,black pepper|2518|840|1168|2499|6654|1168|6270|7853|2430|590
108651|easy creamy sour cream chicken casserole|boneless skinless chicken breasts,sour cream,cream of chicken soup,ritz crackers,butter,salt and pepper|1252|6654|1917|6097|840|6276
66409|simple sweet scones|all-purpose flour,baking powder,salt,unsalted butter,granulated sugar,milk|63|332|6270|7367|3355|4717
9327|double chocolate banana muffins|flour,sugar,baking cocoa,baking soda,salt,baking powder,bananas,vegetable oil,egg,miniature semisweet chocolate chips|2683|6906|328|335|6270|332|342|7557|2499|233
29002|crazy crust pizza|flour,salt,oregano,black pepper,eggs,milk,ground beef,onion,sliced mushrooms,pizza sauce,pre-shredded mozzarella cheese|2683|6270|5106|590|2499|4717|3484|5010|6528|5485|4836
8579|beef roast|rump roast,beef gravy,mushrooms,onion soup mix,italian salad dressing,carrot,potato|6215|453|4863|5033|2200|1093|5648
115432|whole wheat honey banana muffins|whole wheat flour,baking soda,salt,wheat germ,olive oil,honey,eggs,bananas,hot water|7887|335|6270|7688|5006|3723|2499|342|3815
13949|cube steak and gravy  crock pot|cube steaks,salt,pepper,flour,onion gravy mix,cream of mushroom soup,water|1999|6270|5319|2683|5019|1920|7655
51104|peanut butter chocolate chip cookies|sweet unsalted butter,creamy peanut butter,granulated sugar,brown sugar,eggs,all-purpose flour,baking soda,semi-sweet chocolate chips|7008|1938|3355|800|2499|63|335|1388
14911|sausage gravy|pork sausage,flour,milk,pepper,pillsbury grands refrigerated buttermilk biscuits|6324|2683|4717|5319|3345
59224|chipotle roast for tacos   sandwiches|chuck roast,salt,pepper,chili powder,cumin,chipotle chiles in adobo,green chilies,salsa verde,onion,garlic,beef broth|1485|6270|5319|1329|2007|1316|3418|6268|5010|3184|437
95086|rustic italian bread abm|warm water,olive oil,bread flour,granulated sugar,salt,active dry yeast,cornmeal,egg white|7650|5006|721|3355|6270|7956|1831|2509
67781|doctored up vanilla pudding casserole|pepperidge farm chessmen cookies,bananas,milk,french vanilla instant pudding,cream cheese,sweetened condensed milk,frozen whipped topping|1230|342|4717|2740|1910|7022|3108
113299|peanut butter cup cookies  tarts|miniature peanut butter cups,peanut butter,butter,sugar,brown sugar,egg,vanilla,flour,baking soda,salt|244|5261|840|6906|800|2499|7449|2683|335|6270
19023|finger lickin good bbq sauce|white onion,garlic,olive oil,ketchup,white vinegar,brown sugar,worcestershire sauce,chili powder,cayenne pepper|7770|3184|5006|4053|7799|800|7946|1329|1119
49534|the best snickerdoodles i have ever eaten|butter,granulated sugar,brown sugar,egg,vanilla,flour,salt,baking soda,cream of tartar,cinnamon|840|3355|800|2499|7449|2683|6270|335|1925|1511
19678|lee lee s famous chocolate sauce for ice cream|sugar,cocoa,salt,butter,water,vanilla extract|6906|1584|6270|840|7655|7470
33105|zesty low fat chicken breasts|boneless skinless chicken breast halves,ketchup,salsa,honey,dijon mustard,chili powder,cumin,cornstarch|1254|4053|6265|3723|2148|1329|2007|1833
208583|kittencal s juicy hamburger burger|ground beef,egg,dry onion soup mix,garlic,dry breadcrumbs,worcestershire sauce,fresh ground black pepper,frank's red hot sauce|3484|2499|2434|3184|2404|7946|2816|2710
27221|perfect pasta salad|tri-colored pasta,green peppers,diced tomatoes,red onions,provolone cheese,pepperoni,black olives,extra virgin olive oil,red wine vinegar,sugar,oregano,salt,pepper|7267|3440|2131|5966|5731|5340|588|5006|6009|6906|5106|6270|5319
187362|light and fluffy pumpkin pancakes|all-purpose flour,sugar,baking powder,cinnamon,ginger,nutmeg,salt,clove,1% low-fat milk,canned pumpkin puree,butter,egg|63|6906|332|1511|3248|4964|6270|1563|4717|1014|840|2499
4178|cornbread with corn casserole|eggs,whole kernel corn,cream-style corn,margarine,jiffy cornbread mix|2499|7850|1803|4574|1825
50767|chicken packets  oamc|cooked chicken,cream cheese,chives,milk,salt,seasoned croutons,refrigerated crescent dinner rolls,margarine|1707|1910|1372|4717|6270|6364|6029|4574
16213|cranberry feta pinwheels|dried sweetened cranberries,cream cheese spread,feta cheese,green onion,flour tortillas|2371|1184|2591|6335|7258
59336|tzatziki|sour cream,english cucumber,garlic cloves,olive oil,red wine vinegar,fresh dill,salt|6654|2534|3203|5006|6009|2794|6270
109264|almost white castle hamburgers|ground chuck,onion soup mix,egg,pepper,water,breadcrumbs,dinner rolls,american cheese,pickle,mustard,ketchup|3495|5033|2499|5319|7655|728|2161|112|5365|4880|4053
73469|harvest pumpkin apple bread|all-purpose flour,ground cinnamon,baking soda,salt,granulated sugar,pumpkin puree,eggs,vegetable oil,apple juice,apple|63|3497|335|6270|3355|5760|2499|7557|159|150
11763|easy lemon pound cake|butter,sugar,eggs,lemon juice,salt,flour,baking powder,milk|840|6906|2499|4253|6270|2683|332|4717
107190|kittencal s easy tuna or chicken noodle casserole|egg noodles,butter,condensed cream of mushroom soup,garlic powder,parmesan cheese,milk,sour cream,seasoning salt,fresh ground black pepper,onion,pimiento,green bell pepper,celery rib,tuna,butter flavored crackers|2503|840|1674|3217|5180|4717|6654|6374|2816|5010|5402|3399|1130|7284|846
79595|best twice baked potatoes|potatoes,sour cream,milk,margarine,sharp cheddar cheese,salt,pepper,bacon|5648|6654|4717|4574|1168|6270|5319|298
16705|slow cooked bbq ribs  for crock pot|pork spareribs,salt,pepper,barbecue sauce,onion|5622|6270|5319|367|5010
17987|quick butternut squash soup|olive oil,garlic,onion,fresh sage,salt,ground black pepper,fat-free chicken broth,butternut squash,parmesan cheese|5006|3184|5010|2882|6270|3486|1257|875|5180
18185|quick n easy quiche crust|flour,salt,olive oil,ice water|2683|6270|5006|3830
78088|kittencal s  brown sugar caramel sauce or ice cream topping|salted butter,salt,brown sugar,heavy whipping cream,vanilla extract|6283|6270|800|3670|7470
32731|classic baked spaghetti|thin spaghetti,ground beef,garlic,spaghetti sauce,mild cheddar cheese,oregano|7164|3484|3184|6711|1168|5106
32503|hawaiian chicken kabobs|boneless chicken breasts,unsweetened pineapple chunks,soy sauce,vegetable oil,brown sugar,garlic powder,ground ginger,dry mustard,fresh ground pepper,green pepper,mushrooms,cherry tomatoes,cooked rice|1252|7431|6696|7557|800|3217|3512|2430|2817|3440|4863|1223|1746
96886|kittencal s spinach parmesan rice bake|frozen chopped spinach,cooked white rice,butter,shredded cheddar cheese,parmesan cheese,onions,garlic clove,eggs,milk,cayenne pepper,fresh ground black pepper,seasoning salt,mozzarella cheese|2984|1766|840|1168|5180|5010|3203|2499|4717|1119|2816|6374|4836
98869|apple or pear cake|white sugar,brown sugar,eggs,oil,vanilla,flour,salt,baking soda,cinnamon,apples,milk,butter|7790|800|2499|4987|7449|2683|6270|335|1511|150|4717|840
71109|fresh blueberry cobbler|all-purpose flour,sugar,salt,baking powder,whole milk,butter,fresh blueberries,vanilla extract|63|6906|6270|332|7853|840|2763|7470
153642|easy moist banana blueberry muffins|bananas,sugar,egg,butter,blueberries,baking soda,baking powder,salt,flour|342|6906|2499|840|648|335|332|6270|2683
96514|unknownchef86 s very best dinner rolls|milk,dry yeast,sugar,butter,salt,eggs,flour|4717|7956|6906|840|6270|2499|2683
79308|ground turkey chili for people who hate ground turkey|ground turkey,onion,green pepper,red kidney beans,stewed tomatoes,tomato paste,chili powder,garlic powder,oregano,cumin,paprika,black pepper,salt,water|3548|5010|3440|4062|6819|7229|1329|3217|5106|2007|5168|590|6270|7655
211485|ginger me up chicken  low fat honey   ginger chicken breasts|boneless skinless chicken breasts,honey,dijon mustard,water,ground ginger,garlic cloves,salt,fresh ground black pepper,cayenne pepper|1252|3723|2148|7655|3512|3203|6270|2816|1119
13619|homemade pie crust|all-purpose flour,salt,butter,cold water|63|6270|840|1645
87864|super peanut butter filled brownies|chocolate,unsalted butter,eggs,sugar,flour,kosher salt,pure vanilla extract,semisweet chocolate,powdered sugar,creamy peanut butter,heavy whipping cream,semisweet baking chocolate,butter|1375|7367|2499|6906|2683|4096|5767|1375|5695|1938|3670|326|840
82945|eloise s easy sugar cookies|butter,granulated sugar,egg,vanilla extract,baking powder,flour|840|3355|2499|7470|332|2683
126611|cheese tortellini pesto pasta salad|artichoke hearts,grape tomatoes,black olives,green bell pepper,cheese-filled egg tortellini,olive oil,parmesan cheese,basil pesto,salt,garlic,mozzarella cheese,rotini pasta|204|3365|588|3399|1189|5006|5180|386|6270|3184|4836|6193
17186|patti labelle s macaroni and cheese|vegetable oil,macaroni,butter,muenster cheese,mild cheddar cheese,sharp cheddar cheese,monterey jack cheese,half-and-half,velveeta cheese,eggs,seasoning salt,fresh ground pepper|7557|4495|840|4839|1168|1168|4814|3589|7594|2499|6374|2817
137364|perfect basic white rice|long grain rice,water,salt,butter,white vinegar|4470|7655|6270|840|7799
111734|easy pizza pasta casserole  oamc|ground beef,onion,garlic clove,italian seasoning,olive oil,spaghetti sauce,rotini pasta,mozzarella cheese,pepperoni|3484|5010|3203|3940|5006|6711|6193|4836|5340
18888|easy way lasagna|lasagna noodles,spaghetti sauce,cottage cheese,egg,parmesan cheese,mozzarella cheese|4155|6711|1838|2499|5180|4836
13307|neiman marcus  250 chocolate chip cookies recipe|butter,flour,baking soda,sugar,blended oatmeal,chocolate chips,brown sugar,salt,hershey bars,eggs,baking powder,vanilla,nuts|840|2683|335|6906|632|1388|800|6270|364|2499|332|7449|4958
64015|sugar cookie icing|powdered sugar,milk,light corn syrup,vanilla extract,food coloring|5695|4717|4330|7470|2696
28377|cheat n  eat vietnamese chicken soup|cellophane noodle,boneless skinless chicken breasts,peanut oil,garlic,ginger,red pepper flakes,chicken broth,fish sauce,fresh cilantro,green onions,fresh basil|1136|1252|5276|3184|3248|5975|1257|2654|2777|6335|2757
57679|sandra s key lime pie|cream cheese,sweetened condensed milk,egg yolks,lime juice,9-inch graham cracker crust|1910|7022|2512|4384|3326
607|famous barr s french onion soup|onions,butter,black pepper,paprika,bay leaf,beef broth,dry white wine,all-purpose flour,caramel coloring,salt,french baguette,swiss cheese|5010|840|590|5168|393|437|2461|63|1066|6270|2716|7033
40983|buttery yeast rolls|water,milk,egg,butter,sugar,salt,all-purpose flour,dry yeast|7655|4717|2499|840|6906|6270|63|7956
30951|green beans with cherry tomatoes|green beans,butter,garlic salt,sugar,basil,salt,pepper,cherry tomatoes|3398|840|3219|6906|382|6270|5319|1223
37638|veronica s easy spanish rice|uncooked rice,onion,vegetable oil,water,tomato sauce,green bell pepper,salt,chili powder,garlic powder|7362|5010|7557|7655|7233|3399|6270|1329|3217
14756|award winning butter tarts|pie pastry,raisins,butter,brown sugar,salt,corn syrup,egg,vanilla|5379|5825|840|800|6270|1824|2499|7449
22539|baked ziti|ziti pasta,italian sausage,ricotta cheese,egg,parsley,mozzarella cheese,parmesan cheese,pasta sauce|8019|6324|6085|2499|5185|4836|5180|5205
259573|kittencal s technique for perfect easy peel hard boiled eggs|eggs,white vinegar,salt,water,ice cubes|2499|7799|6270|7655|3829
77854|kittencal s best deviled eggs|hard-boiled eggs,mayonnaise,milk,dried parsley flakes,dried chives,mustard powder,dried dill weed,salt,paprika,fresh ground black pepper,garlic powder|3625|4623|4717|2325|2243|4883|2258|6270|5168|2816|3217
69983|pumpkin cake bars with cream cheese frosting|eggs,white sugar,vegetable oil,pumpkin puree,all-purpose flour,baking powder,salt,baking soda,ground cinnamon,cream cheese,butter,confectioners' sugar|2499|7790|7557|5760|63|332|6270|335|3497|1910|840|1689
24476|homemade rice a roni|spaghetti,white rice,broth,butter|6715|7783|773|840
105726|kittencal s parmesan garlic bread or garlic toast|french bread,butter,garlic,dried parsley,parmesan cheese,salt|2718|840|3184|2324|5180|6270
110047|potsie s creamed chicken and biscuits casserole|onion,butter,cooked chicken breasts,cream of chicken soup,mayonnaise,milk,chopped pimiento,mild cheddar cheese,refrigerated biscuit|5010|840|1708|1917|4623|4717|1479|1168|6019
28091|black bottom banana bars|butter,sugar,egg,vanilla extract,bananas,all-purpose flour,baking powder,baking soda,salt,baking cocoa|840|6906|2499|7470|342|63|332|335|6270|328
25625|now don t go  eeewww    before you try this|toast,peanut butter,tomatoes,pepper,salt|7184|5261|7213|5319|6270
24088|strawberry julius|strawberry,milk,water,caster sugar,vanilla|6846|4717|7655|1107|7449
31235|crunchy granola|brown sugar,water,pure vanilla extract,salt,rolled oats,pecans,almonds,dried fruits|800|7655|5767|6270|6156|5298|70|2266
107544|cheesecake factory cheesecake|pecans,almonds,walnuts,vanilla wafer,butter,cream cheese,sugar,eggs,sour cream,flour,vanilla extract,lemon juice|5298|70|7642|7495|840|1910|6906|2499|6654|2683|7470|4253
125399|french toast sticks   oamc|bread,butter,eggs,sugar,cinnamon,milk,vanilla|715|840|2499|6906|1511|4717|7449
46739|tsr version of applebee s honey grilled salmon by todd wilbur|honey,soy sauce,dark brown sugar,pineapple juice,fresh lemon juice,white distilled vinegar,olive oil,ground black pepper,cayenne pepper,paprika,garlic powder,salmon fillets|3723|6696|2045|5422|2832|7751|5006|3486|1119|5168|3217|6261
8650|basil pesto|basil,garlic cloves,pine nuts,parmesan cheese,lemon juice,olive oil|382|3203|5407|5180|4253|5006
81211|failproof french bread  bread machine|bread flour,salt,active dry yeast,warm water|721|6270|7956|7650
35889|tasty buns|flour,dry yeast,milk,water,vegetable oil,white sugar,salt|2683|7956|4717|7655|7557|7790|6270
158832|uncle bill s fried potatoes and onions|russet potatoes,onion,butter,extra virgin olive oil,garlic powder,dried dill weed,salt,black pepper|6220|5010|840|5006|3217|2258|6270|590
55796|healthy bean soup with kale|olive oil,garlic cloves,yellow onion,kale,chicken broth,cannellini beans,carrots,diced tomatoes,italian herb seasoning,salt and pepper,parsley,parmesan cheese|5006|3203|7979|4024|1257|1039|1093|2131|3929|6276|5185|5180
133513|ramen noodle egg foo yung|ramen noodles,butter,eggs,green onions,sesame oil,soy sauce,baking powder|5831|840|2499|6335|6413|6696|332
24139|crock pot chicken vindaloo|vinegar,garlic cloves,fresh ginger,curry powder,ground cumin,ground cardamom,ground cloves,hot pepper,mustard seeds,olive oil,tomato sauce,cinnamon stick,onion,boneless skinless chicken breast halves,fresh parsley|7620|3203|2809|2022|3502|3489|3498|3793|4884|5006|7233|1527|5010|1254|2856
301754|crock pot   style loaded baked potato soup|baking potatoes,onion,chicken broth,garlic cloves,butter,salt,pepper,cream,sharp cheddar cheese,fresh chives,sour cream,bacon,cheese|331|5010|1257|3203|840|6270|5319|1909|1168|2776|6654|298|1170
84324|aloo gobi|vegetable oil,onion,fresh coriander,green chili,cauliflower,potatoes,diced tomatoes,fresh ginger,fresh garlic,cumin seed,turmeric,salt,garam masala|7557|5010|2783|3412|1112|5648|2131|2809|2807|2010|7337|6270|3177
50722|bread machine cinnamon buns|milk,water,egg,butter,all-purpose white flour,granulated sugar,salt,yeast,brown sugar,cinnamon,powdered sugar,vanilla|4717|7655|2499|840|65|3355|6270|7956|800|1511|5695|7449
34011|cajun style oven fries|potatoes,oregano,thyme,paprika,cayenne,black pepper,sugar,cumin,salt,garlic powder,onion powder,tabasco sauce,vegetable oil|5648|5106|7168|5168|1118|590|6906|2007|6270|3217|5024|7049|7557
19710|grilled cauliflower|cauliflower,butter,seasoning salt,parmesan cheese|1112|840|6374|5180
339905|throw away the bread machine instructions      white bread|warm water,white sugar,bread machine yeast,butter,oil,white bread flour,salt|7650|7790|7956|840|4987|7716|6270
23108|vanilla scented granola|vegetable oil cooking spray,old fashioned oats,sliced almonds,golden brown sugar,salt,ground cinnamon,vegetable oil,honey,sugar,vanilla extract|1786|4998|6526|3304|6270|3497|7557|3723|6906|7470
73927|any fruit fast fat free cobbler|white sugar,flour,skim milk,baking powder,salt,fruit|7790|2683|6516|332|6270|3117
11923|hot german potato salad|bacon,sugar,distilled white vinegar,eggs,salt,prepared mustard,cayenne pepper,potatoes,onion|298|6906|2170|2499|6270|4880|1119|5648|5010
49230|drunken garlic crock pot roast|boneless beef chuck roast,vegetable oil,salt,pepper,onions,garlic cloves,beef bouillon cubes,hot water,lager beer,brown sugar,dijon mustard,cider vinegar,cornstarch|441|7557|6270|5319|5010|3203|432|3815|4108|800|2148|1504|1833
46072|yummy creamy rice pudding|white rice,milk,white sugar,salt,egg,raisins,butter,vanilla|7783|4717|7790|6270|2499|5825|840|7449
9004|tilapia|tilapia fillets,dried oregano,chili powder,cayenne pepper,salt,butter,lemon juice|7178|2320|1329|1119|6270|840|4253
72308|kittencal s spinach   four cheese manicotti  vegetarian|oil,onion,fresh garlic,ricotta cheese,mozzarella cheese,cream cheese,parmesan cheese,italian seasoning,salt,fresh ground black pepper,frozen chopped spinach,manicotti,marinara sauce|4987|5010|2807|6085|4836|1910|5180|3940|6270|2816|2984|4558|4580
131639|roasted tomato soup|plum tomatoes,garlic cloves,red onion,olive oil,balsamic vinegar,oregano,basil leaves,salt,pepper,fat-free vegetable broth,parmesan cheese|5519|3203|5966|5006|339|5106|384|6270|5319|7550|5180
100526|sweet  creamy coleslaw|green cabbage,carrots,mayonnaise,vinegar,sugar|3402|1093|4623|7620|6906
14106|roast beef horseradish spirals|cream cheese,green onions,fresh parsley,prepared horseradish,salt,garlic powder,deli roast beef,10-inch flour tortillas|1910|6335|2856|3758|6270|3217|2110|7258
32042|gumbo|vegetable oil,all-purpose flour,onion,fresh parsley,celery,green bell pepper,red bell pepper,scallion,garlic,chicken broth,salt,creole seasoning,sausage|7557|63|5010|2856|1124|3399|5915|6335|3184|1257|6270|1954|6324
70646|pineapple upside down cake|butter,dark brown sugar,pineapple,maraschino cherries,pineapple cake mix,vanilla instant pudding mix,pineapple juice,canola oil,eggs|840|2045|5408|4570|912|7479|5422|1043|2499
17394|meatloaf barbecue style|ground beef,fresh breadcrumb,onion,egg,salt,tomato sauce,pepper,water,brown sugar,prepared mustard,worcestershire sauce|3484|2764|5010|2499|6270|7233|5319|7655|800|4880|7946
28667|creamed ground beef sos|lean ground beef,onion,flour,beef bouillon powder,salt,fresh ground black pepper,garlic powder,onion powder,cayenne powder,worcestershire sauce,milk|4189|5010|2683|435|6270|2816|3217|5024|1121|7946|4717
99103|split pea soup  crock pot    dairy free|dried split peas,ham,carrots,onion,celery,garlic cloves,bay leaf,seasoning salt,fresh pepper,hot water|2366|3597|1093|5010|1124|3203|393|6374|2863|3815
76470|chili s spicy garlic   lime shrimp|butter,garlic,large shrimp,lime,salt,ground black pepper,cayenne pepper,dried parsley flakes,garlic powder,paprika,dried thyme,onion powder|840|3184|4152|4379|6270|3486|1119|2325|3217|5168|2378|5024
48401|chocolate flan cake|devil's food cake mix,water,oil,eggs,caramel topping,sweetened condensed milk,evaporated milk,milk,cream cheese,vanilla|912|7655|4987|2499|1076|7022|2559|4717|1910|7449
128952|cake batter ice cream|whole milk,granulated sugar,heavy cream,pure vanilla extract,cake mix|7853|3355|3668|5767|912
44833|parmesan zucchini|zucchini,olive oil,seasoning salt,parmesan cheese|8021|5006|6374|5180
52206|low fat banana bread|bananas,all-purpose flour,white sugar,butter,vanilla extract,baking soda,baking powder,egg,applesauce|342|63|7790|840|7470|335|332|2499|170
294620|easy cole slaw|coleslaw mix,mayonnaise,sugar,milk,vinegar,salt,pepper|1648|4623|6906|4717|7620|6270|5319
119373|minado s perfect sushi rice|sushi rice,water,rice vinegar,sugar,salt,mirin,kelp|6944|7655|6082|6906|6270|4766|4050
23939|company pork roast|pork loin roast,honey,soy sauce,wine vinegar,dry mustard,salt,garlic powder,white pepper|5592|3723|6696|7929|2430|6270|3217|7774
106715|sticken chicken|chicken thighs,flour,garlic salt,paprika,ginger,brown sugar,water,worcestershire sauce,soy sauce|1306|2683|3219|5168|3248|800|7655|7946|6696
73062|brady bunch pork chops|1% low-fat milk,salt,boneless pork chops,fresh breadcrumbs,garlic powder,dried rosemary,dried thyme,olive oil,butter|4717|6270|5574|2764|3217|2350|2378|5006|840
45006|auntie s delicious soft pretzels  amish recipe|water,yeast,brown sugar,flour,baking soda,hot water,sweet creamy butter|7655|7956|800|2683|335|3815|6969
41705|jambalaya for the crock pot|boneless skinless chicken breasts,green peppers,onion,celery ribs,garlic cloves,whole tomatoes,tomato paste,beef broth,parsley,basil,oregano,tabasco sauce,cayenne pepper,salt,shrimp,cooked rice|1252|3440|5010|1130|3203|7863|7229|437|5185|382|5106|7049|1119|6270|6487|1746
57772|mexican stuffed shells  oamc|pasta shells,ground beef,taco seasoning,water,onion,salsa,cheese,tomato sauce,chili powder,green onion|5206|3484|7060|7655|5010|6265|1170|7233|1329|6335
100408|turkey breakfast sausage patties|ground turkey,salt,sage,fennel seed,thyme,black pepper,white pepper,cayenne,garlic powder,ground cloves,nutmeg,allspice|3548|6270|6243|2587|7168|590|7774|1118|3217|3498|4964|68
104628|soft italian breadsticks  abm|warm water,butter,salt,bread flour,sugar,italian seasoning,garlic powder,active dry yeast,parmesan cheese|7650|840|6270|721|6906|3940|3217|7956|5180
73488|individual cream cheese danish|crescent roll dough,cream cheese,white sugar,lemon juice,vanilla extract,sour cream,confectioners' sugar,milk,butter|1959|1910|7790|4253|7470|6654|1689|4717|840
20431|soft  spicy  heavenly ginger cookies|margarine,white sugar,molasses,all-purpose flour,water,baking soda,ground ginger,ground cinnamon,ground cloves,nutmeg,fresh ginger,salt,raisins|4574|7790|4807|63|7655|335|3512|3497|3498|4964|2809|6270|5825
117532|quick and easy pizza dough|flour,yeast,salt,sugar,water|2683|7956|6270|6906|7655
31804|sue b s chocolate cake|cocoa powder,boiling water,buttermilk,canola oil,eggs,vanilla,sugar,flour,salt,baking soda|1589|673|869|1043|2499|7449|6906|2683|6270|335
192346|oatmeal chocolate chip lactation cookies by noel trujillo|butter,sugar,brown sugar,water,flax seed meal,eggs,vanilla,flour,baking soda,salt,oats,chocolate chips,brewer's yeast|840|6906|800|7655|2679|2499|7449|2683|335|6270|4969|1388|7956
13745|jello cookies|margarine,sugar,jello gelatin,eggs,vanilla,flour,baking powder,salt|4574|6906|3985|2499|7449|2683|332|6270
102073|opal s pumpkin pie|pumpkin,brown sugar,granulated sugar,ground cloves,cinnamon,ground ginger,salt,eggs,evaporated milk,heavy cream,unbaked 9-inch pie shells|5753|800|3355|3498|1511|3512|6270|2499|2559|3668|7352
52366|outback steakhouse style steak|top sirloin steaks,salt,paprika,ground black pepper,onion powder,garlic powder,cayenne pepper,coriander,turmeric|7253|6270|5168|3486|5024|3217|1119|1795|7337
30965|dumplings|all-purpose flour,baking powder,salt,butter,milk|63|332|6270|840|4717
84474|sweet potato curry with spinach and chickpeas|sweet onions,canola oil,curry powder,cumin,cinnamon,fresh spinach,sweet potatoes,chickpeas,water,diced tomatoes,fresh cilantro,basmati rice|6980|1043|2022|2007|1511|2898|6987|1313|7655|2131|2777|389
88486|beer  n bbq braised country style pork ribs|country-style boneless pork ribs,onions,beer,barbecue sauce|5599|5010|510|367
92072|monterey chicken rolls|boneless skinless chicken breasts,monterey jack cheese,margarine,garlic salt,parsley,breadcrumbs,parmesan cheese|1252|4814|4574|3219|5185|728|5180
97340|chicken legs grilled|chicken legs-thighs,sugar,seasoning salt,paprika,pepper,garlic powder,olive oil|1283|6906|6374|5168|5319|3217|5006
180306|gluten free french bread|rice flour,tapioca flour,xanthan gum,salt,egg substitute,sugar,water,fast rise yeast,butter,egg whites,vinegar|6070|7094|7951|6270|2506|6906|7655|7956|840|2509|7620
33869|hello dollies|butter,graham cracker crumbs,walnuts,semi-sweet chocolate chips,flaked coconut,sweetened condensed milk|840|3324|7642|1388|2665|7022
93886|crock pot apple butter|apples,sugar,ground cinnamon,ground cloves,salt|150|6906|3497|3498|6270
28758|best ever pumpkin pie|canned pumpkin,sweetened condensed milk,eggs,light brown sugar,sugar,ground cinnamon,salt,ground ginger,ground nutmeg,ground cloves,pie crusts|1013|7022|2499|4320|6906|3497|6270|3512|3527|3498|5375
113914|hershey s chocolate cake with frosting|sugar,all-purpose flour,cocoa,baking powder,baking soda,salt,eggs,milk,vegetable oil,vanilla extract,boiling water,butter,powdered sugar|6906|63|1584|332|335|6270|2499|4717|7557|7470|673|840|5695
107868|softest ever bread machine bread|warm water,white sugar,bread machine yeast,vegetable oil,bread flour,salt|7650|7790|7956|7557|721|6270
41541|really really good candied sweet potatoes|sweet potatoes,butter,maple syrup,brown sugar,cinnamon|6987|840|4568|800|1511
18693|zucchini chocolate cake|butter,vegetable oil,sugar,eggs,buttermilk,vanilla,cocoa,flour,baking soda,salt,zucchini,chocolate chips,walnuts|840|7557|6906|2499|869|7449|1584|2683|335|6270|8021|1388|7642
12365|reduced fat alfredo sauce|1% low-fat milk,butter,flour,parmesan cheese,garlic,pepper|4717|840|2683|5180|3184|5319
73033|allrighty then scrambled eggs   paula deen|eggs,sour cream,water,salt & freshly ground black pepper,butter,cheddar cheese|2499|6654|7655|6272|840|1168
9370|human puppy chow|butter,semi-sweet chocolate chips,peanut butter,corn chex,powdered sugar|840|1388|5261|1806|5695
30165|breakfast burritos  once a month cooking|eggs,bulk sausage,chunky salsa,cheddar cheese,flour tortillas,green pepper,potatoes,jalapeno,green chilies,garlic clove,onion,tomatoes,green onions|2499|6324|1496|1168|7258|3440|5648|3951|3418|3203|5010|7213|6335
216350|linda s cheesecake stuffed strawberries|strawberries,cream cheese,vanilla,confectioners' sugar,almonds|6846|1910|7449|1689|70
117565|kittencal s marinade for grilled steak|fresh garlic,worcestershire sauce,balsamic vinegar,dijon mustard,soy sauce,oil,fresh ground black pepper|2807|7946|339|2148|6696|4987|2816
94532|old fashioned blueberry muffins|milk,butter,orange zest,vanilla extract,eggs,flour,sugar,baking powder,salt,fresh blueberries|4717|840|5090|7470|2499|2683|6906|332|6270|2763
3595|better than sex cake iii|dark chocolate cake mix,water,vegetable oil,eggs,sweetened condensed milk,mrs richardson's caramel topping,whipped topping,heath candy bars|912|7655|7557|2499|7022|4837|7704|954
19859|crock pot creamy italian chicken|boneless skinless chicken breasts,dried italian salad dressing mix,water,cream cheese,reduced-sodium cream of chicken soup,mushroom stems and pieces,cooked rice|1252|2200|7655|1910|1917|4875|1746
88753|cottage cheese roast  vegetarian meatloaf|cottage cheese,eggs,vegetable oil,dry onion soup mix,walnuts,corn flakes,onion|1838|2499|7557|2434|7642|1810|5010
14684|vegetarian lasagna|spaghetti sauce,carrot,oregano,cooked lasagna noodles,ricotta cheese,frozen chopped spinach,eggs,zucchini,fresh mushrooms,part-skim mozzarella cheese,parmesan cheese|6711|1093|5106|1726|6085|2984|2499|8021|2847|4836|5180
67733|strawberry coffee cake|all-purpose flour,sugar,baking powder,salt,egg,milk,vanilla,butter,fresh strawberries,pecans|63|6906|332|6270|2499|4717|7449|840|2901|5298
10481|marvelous broccoli salad|broccoli,cheddar cheese,purple onion,bacon,mayonnaise,sugar,red wine vinegar|756|1168|5773|298|4623|6906|6009
132052|old widow walker s ziploc omelettes|eggs,cheese,ham,bacon,onion,green pepper,tomatoes,hash brown|2499|1170|3597|298|5010|3440|7213|3634
107570|sweet salsa dump chicken   oamc|taco seasoning mix,apricot jam,salsa,chicken pieces|6373|180|6265|1289
17722|old fashioned linguine with white clam sauce|butter,extra virgin olive oil,onion,garlic,red pepper flakes,lemon juice,oregano,basil,old bay seasoning,clams,parsley,parmesan cheese,linguine|840|5006|5010|3184|5975|4253|5106|382|4996|1543|5185|5180|4416
17586|easiest beef enchiladas ever|ground beef,onion,cheddar cheese,enchilada sauce,flour tortillas|3484|5010|1168|2530|7258
9240|chocolate eclair dessert|jello instant vanilla pudding mix,milk,non-dairy whipped topping,graham crackers,chocolate frosting|3986|4717|4938|3323|1406
60235|no bake granola bars|crispy rice cereal,quick-cooking rolled oats,raisins,brown sugar,light corn syrup,peanut butter,vanilla|1968|6156|5825|800|4330|5261|7449
96347|crock pot ham and beans|dried great northern beans,garlic cloves,sweet onion,kosher salt,black pepper,parsley,ground cloves,smoked ham,water|2272|3203|6980|4096|590|5185|3498|6573|7655
70522|corned beef in beer  crock pot|corned beef brisket,potatoes,onions,carrots,bay leaf,beer,cabbage,molasses|1827|5648|5010|1093|393|510|893|4807
78938|cracker barrel green beans|bacon,green beans,yellow onion,granulated sugar,salt,fresh ground black pepper|298|3398|7979|3355|6270|2816
39900|skillet parmesan chicken|boneless skinless chicken breast halves,salt and pepper,flour,italian seasoned breadcrumbs,parmesan cheese,egg,milk,butter,olive oil,mozzarella cheese,marinara sauce|1254|6276|2683|3939|5180|2499|4717|840|5006|4836|4580
90975|the ultimate greek salad|olive oil,fresh lemon juice,red wine vinegar,garlic cloves,dried oregano,lettuce,plum tomatoes,english cucumber,red onion,green pepper,kalamata olive,feta cheese|5006|2832|6009|3203|2320|4308|5519|2534|5966|3440|4023|2591
39618|perfect southern fried chicken|chicken,water,salt,buttermilk,eggs,season-all salt,flour,cornmeal,dried oregano,vegetable oil|1240|7655|6270|869|2499|6362|2683|1831|2320|7557
91644|amanda s cheese pound cake|butter,cream cheese,sugar,eggs,flour,vanilla|840|1910|6906|2499|2683|7449
26526|amish white bread|dry yeast,water,sugar,salt,shortening,all-purpose flour,butter|7956|7655|6906|6270|6473|63|840
26111|blackberry cobbler|flour,baking powder,salt,milk,butter,fresh blackberries,sugar|2683|332|6270|4717|840|2762|6906
497021|mile high cabbage pie  5fix|lean ground beef,coleslaw mix,simply potatoes diced potatoes with onion,cream of mushroom soup,refrigerated crescent dinner rolls|4189|1648|2130|1920|6029
149257|gingerbread  for cookies or a  gingerbread house|sugar,molasses,ginger,allspice,cinnamon,clove,baking soda,margarine,egg,all-purpose flour|6906|4807|3248|68|1511|1563|335|4574|2499|63
102335|moist and tender turkey  or turkey breast|turkey,butter,chicken broth,mayonnaise|7295|840|1257|4623
25806|fabulous beef stew|stew meat,lipton onion soup mix,beef bouillon granules,potatoes,carrots,celery,whole tomatoes,garlic cloves,salt and pepper,cornstarch,cold water|6818|5033|433|5648|1093|1124|7863|3203|6276|1833|1645
37374|pronto pups aka corn dogs|cornmeal,flour,baking powder,salt,egg,sugar,milk,hot dogs,wooden skewers,oil|1831|2683|332|6270|2499|6906|4717|3780|7944|4987
34335|herbed pork tenderloin|onions,oil,lemon juice,rosemary,thyme,oregano,basil,paprika,garlic,salt,pepper,pork tenderloin|5010|4987|4253|6183|7168|5106|382|5168|3184|6270|5319|5627
11028|vegetarian  meatballs|eggs,lipton onion soup mix,cheddar cheese,walnuts,italian style breadcrumbs,vegetarian broth|2499|5033|1168|7642|728|7574
47391|crispy tilapia|tilapia fillets,flour,egg,buttermilk,yellow cornmeal,salt,pepper,baking soda,baking powder,old bay seasoning,canola oil|7178|2683|2499|869|7970|6270|5319|335|332|4996|1043
86307|legal seafood style baked scallops|sea scallops,salt and pepper,fresh thyme leave,buttermilk,ritz crackers,butter,lemon|6354|6276|2911|869|6097|840|4231
50979|copycat recipe for carrabba s chicken marsala|butter,boneless skinless chicken breast halves,shallots,mushroom,dry marsala,heavy cream,lemon juice|840|1254|6426|4863|2423|3668|4253
81902|to die for make ahead mashed potatoes|potatoes,sour cream,cream cheese,butter,chives,salt,pepper,garlic cloves,onion powder,marjoram,green onion,bacon bits,milk,paprika|5648|6654|1910|840|1372|6270|5319|3203|5024|4585|6335|299|4717|5168
74301|mini tacos|wonton wrappers,hamburger,taco seasoning,salsa,cheese,sour cream,olive,guacamole|7940|3609|7060|6265|1170|6654|5003|3561
14357|easy pineapple upside down cake|yellow cake mix,eggs,oil,water,dark brown sugar,butter,pineapple slices,maraschino cherries,walnut halves|912|2499|4987|7655|2045|840|5428|4570|7644
74275|unbelievably easy potato soup|potato,celery,onion,milk,salt and pepper|5648|1124|5010|4717|6276
50022|the best banana bread|butter,sugar,bananas,eggs,vanilla,baking soda,flour,salt,buttermilk,mini chocolate chip|840|6906|342|2499|7449|335|2683|6270|869|1388
118242|intensely chocolate cocoa brownies|butter,cocoa,sugar,eggs,vanilla,flour,baking powder,salt,walnuts|840|1584|6906|2499|7449|2683|332|6270|7642
224947|spinach   feta stuffed chicken breast  quick   easy|chicken breasts,instant minced garlic,olive oil,spinach,feta cheese,seasoned bread crumbs,butter|1252|3890|5006|6754|2591|6363|840
139499|cranberry orange muffins|flour,sugar,baking powder,baking soda,salt,cranberries,egg,orange juice,vegetable oil,orange rind|2683|6906|332|335|6270|1881|2499|5058|7557|5068
110078|crock pot chili pork chops     a must try|onion,olive oil,garlic cloves,worcestershire sauce,water,ketchup,chili powder,pork chops,salt and pepper|5010|5006|3203|7946|7655|4053|1329|5574|6276
32142|old fashioned corn and potato chowder|corn,potatoes,butter,onion,salt,pepper,boiling water,milk,flour,water|1803|5648|840|5010|6270|5319|673|4717|2683|7655
13320|chinese pot stickers|cabbage,salt,shrimp,lean pork,light soy sauce,rice wine,green onion,sesame oil,fresh ginger,garlic cloves,wonton wrappers,vegetable oil,chicken stock,rice vinegar|893|6270|6487|4206|6696|6083|6335|6413|2809|3203|7940|7557|1297|6082
86868|corned beef and cabbage in guinness|corned beef brisket,guinness draught,yellow onion,garlic cloves,bay leaf,ground cinnamon,ground cloves,ground allspice,ground black pepper,cabbage,white potatoes,carrot|1827|3569|7979|3203|393|3497|3498|3478|3486|893|7779|1093
177017|alton brown s baked brown rice|long grain brown rice,water,unsalted butter,salt|4469|7655|7367|6270
76003|the best sweet and sour sauce|pineapple juice,water,vinegar,soy sauce,brown sugar,cornstarch|5422|7655|7620|6696|800|1833
22169|chicken with fettuccine alfredo|fettuccine pasta,butter,boneless skinless chicken breast halves,salt and pepper,flour,onion,garlic,light cream,parmesan cheese,parsley,red pepper flakes|2593|840|1254|6276|2683|5010|3184|4333|5180|5185|5975
107142|new mexico style chili chicken casserole|chicken broth,green chilies,onion,light sour cream,salt,cumin,fresh ground black pepper,condensed cream of chicken soup,garlic clove,corn tortillas,cooked chicken breasts,low-fat cheddar cheese|1257|3418|5010|4359|6270|2007|2816|1672|3203|7258|1708|1168
129040|peanut butter no bake cookies|sugar,margarine,milk,peanut butter,vanilla,rolled oats|6906|4574|4717|5261|7449|6156
136292|kittencal s marinara pasta sauce  vegetarian|olive oil,onion,garlic cloves,dried basil,dried oregano,crushed red pepper flakes,tomato paste,roma tomatoes,dry red wine,sugar,salt,fresh ground black pepper|5006|5010|3203|2212|2320|1986|7229|6160|2445|6906|6270|2816
135814|mexican casserole   6 5 weight watcher points|extra lean ground beef,onion,canned jalapeno slices,fresh tomatoes,kernel corn,black beans,taco seasoning mix,corn tortillas,nonfat sour cream,reduced-fat mexican cheese blend,fresh cilantro|4189|5010|996|2913|4052|553|6373|7258|6654|4686|2777
42292|overnight french toast casserole|butter,white bread,brown sugar,cinnamon,eggs,milk|840|7714|800|1511|2499|4717
12316|chicken fried steak w cream gravy|oil,beef cutlets,seasoned flour,eggs,milk,flour,salt and pepper,dripping|4987|448|6366|2499|4717|2683|6276|2396
104975|easy  festive chocolate holiday pretzels|pretzels,m&m's plain chocolate candy,hershey's hugs chocolates,hershey chocolate kisses|5711|1385|2|1423
87420|pork tenderloin  the best ever|pork tenderloin,salt,pepper,flour,olive oil,lipton onion soup mix,cream of mushroom soup,hot water|5627|6270|5319|2683|5006|5033|1920|3815
26845|interesting crock pot chicken|dry ranch dressing mix,boneless skinless chicken breasts,mushrooms,butter,chicken broth,condensed cream of mushroom soup,cream cheese,garlic cloves,salt,black pepper|2200|1252|4863|840|1257|1674|1910|3203|6270|590
18651|chicken stroganoff   crock pot|boneless skinless chicken breast,fat-free cream of mushroom soup,fat free sour cream,dry onion soup mix|1252|1920|6654|2434
83475|three cup chicken|sesame oil,garlic cloves,fresh ginger,serrano peppers,chicken breasts,soy sauce,rice wine,sugar,thai basil,scallion|6413|3203|2809|6407|1252|6696|6083|6906|7144|6335
137253|m   m dream bars|oatmeal,brown sugar,all-purpose flour,coconut,baking soda,salt,butter,sweetened condensed milk,peanut butter,m&m',chocolate chips|4975|800|63|1591|335|6270|840|7022|5261|1385|1388
