2886|best banana bread|butter_granulated sugar_eggs_bananas_all-purpose flour_baking soda_salt_vanilla|840,3355,2499,342,63,335,6270,7449
27208|to die for crock pot roast|beef roast_brown gravy mix_dried italian salad dressing mix_ranch dressing mix_water|469,784,2200,2200,7655
89204|crock pot chicken with black beans   cream cheese|boneless chicken breasts_black beans_corn_salsa_cream cheese|1252,553,1803,6265,1910
39087|creamy cajun chicken pasta|boneless skinless chicken breast halves_linguine_cajun seasoning_butter_green onion_heavy whipping cream_sun-dried tomatoes_salt_dried basil_ground black pepper_garlic powder_parmesan cheese|1254,4416,905,840,6335,3670,6926,6270,2212,3486,3217,5180
67256|best ever banana cake with cream cheese frosting|bananas_lemon juice_flour_baking soda_salt_butter_sugar_eggs_vanilla_buttermilk_cream cheese_icing sugar_walnuts|342,4253,2683,335,6270,840,6906,2499,7449,869,1910,3834,7642
54257|yes  virginia there is a great meatloaf|ground beef_bread_egg_vidalia onions_table salt_black pepper_ketchup_whole milk_apple cider vinegar_dark brown sugar|3484,715,2499,7616,7054,590,4053,7853,155,2045
22782|jo mama s world famous spaghetti|italian sausage_onion_garlic cloves_diced tomatoes_tomato paste_tomato sauce_water_basil_dried parsley flakes_brown sugar_salt_crushed red pepper flakes_fresh coarse ground black pepper_red wine_thin spaghetti_parmesan cheese|6324,5010,3203,2131,7229,7233,7655,382,2325,800,6270,1986,2780,6007,7164,5180
32204|whatever floats your boat  brownies|butter_unsweetened cocoa_sugar_eggs_vanilla_flour_salt_chocolate chips_raisins_maraschino cherry_nuts_m&m'_reese's pieces_miniature marshmallow|840,7406,6906,2499,7449,2683,6270,1388,5825,4570,4958,1385,5382,241
69173|kittencal s italian melt in your mouth meatballs|ground beef_egg_parmesan cheese_breadcrumbs_garlic_salt_fresh ground black pepper_milk_dried oregano_fresh parsley|3484,2499,5180,728,3184,6270,2816,4717,2320,2856
68955|japanese mum s chicken|chicken drumsticks_water_balsamic vinegar_soy sauce_sugar_garlic clove_hot chili pepper|1267,7655,339,6696,6906,3203,3771
33919|creamy burrito casserole|ground beef_yellow onion_taco seasoning_flour tortillas_refried beans_taco cheese_cream of mushroom soup_sour cream_hot sauce|3484,7979,7060,7258,6016,7056,1920,6654,3810
82102|kittencal s moist cheddar garlic oven fried chicken breast|butter_garlic_garlic powder_seasoning salt_seasoned dry bread crumb_cheddar cheese_parmesan cheese_ground black pepper_boneless skinless chicken breasts_shredded cheddar cheese|840,3184,3217,6374,6365,1168,5180,3486,1252,1168
25885|banana banana bread|all-purpose flour_baking soda_salt_butter_brown sugar_eggs_bananas|63,335,6270,840,800,2499,342
28148|oven fried chicken chimichangas|picante sauce_ground cumin_dried oregano leaves_cooked chicken_cheddar cheese_green onions_flour tortillas_margarine_green onion|5362,3502,2321,1707,1168,6335,7258,4574,6335
135350|fannie farmer s classic baked macaroni   cheese|macaroni_butter_flour_milk_cream_salt_fresh ground black pepper_cheddar cheese_breadcrumbs|4495,840,2683,4717,1909,6270,2816,1168,728
99476|the best easy beef and broccoli stir fry|cornstarch_water_garlic powder_boneless round steak_vegetable oil_broccoli florets_onion_reduced sodium soy sauce_brown sugar_ground ginger_cooked rice_toasted sesame seeds|1833,7655,3217,6201,7557,761,5010,6696,800,3512,1746,7194
10744|delicious chicken pot pie|potato_onion_celery_carrot_margarine_all-purpose flour_chicken broth_half-and-half_salt_pepper_chicken_pie crusts|5648,5010,1124,1093,4574,63,1257,3589,6270,5319,1240,5375
129926|simply sour cream chicken enchiladas|chicken breast_onion_vegetable oil_flour tortillas_monterey jack cheese_butter_flour_chicken broth_sour cream_green chilies|1252,5010,7557,7258,4814,840,2683,1257,6654,3418
33671|crock pot whole chicken|salt_paprika_cayenne pepper_onion powder_thyme_white pepper_garlic powder_black pepper_roasting chicken_onion|6270,5168,1119,5024,7168,7774,3217,590,6142,5010
63689|my family s favorite sloppy joes  pizza joes|ground beef_celery_onion_tomato sauce_ketchup_barbecue sauce_brown sugar_dry mustard_salt and pepper_worcestershire sauce_vinegar|3484,1124,5010,7233,4053,367,800,2430,6276,7946,7620
150863|panera s cream cheese potato soup|chicken broth_potatoes_seasoning salt_white pepper_ground red pepper_cream cheese|1257,5648,6374,7774,3536,1910
97496|soft snickerdoodle cookies|butter_sugar_eggs_flour_cream of tartar_baking soda_salt_cinnamon_vanilla extract|840,6906,2499,2683,1925,335,6270,1511,7470
107786|beth s melt in your mouth barbecue ribs  oven|pork ribs_light brown sugar_hickory smoke salt_paprika_garlic powder_ground red pepper_barbecue sauce|5599,4320,3702,5168,3217,3536,367
5170|pete s scratch pancakes|flour_sugar_salt_baking powder_eggs_butter_milk|2683,6906,6270,332,2499,840,4717
95222|pork chops yum yum|pork chops_chicken broth_honey_soy sauce_ketchup_ginger_garlic salt|5574,1257,3723,6696,4053,3248,3219
38298|olive garden copycat zuppa toscana|italian sausage_russet baking potatoes_vidalia onion_cooked bacon_accent seasoning_salt_black pepper_red pepper flakes_garlic cloves_kale_chicken broth_water_flour_heavy whipping cream|6324,6219,7616,1699,22,6270,590,5975,3203,4024,1257,7655,2683,3670
77397|kittencal s 5 minute cinnamon flop brunch cake|all-purpose flour_sugar_milk_vanilla_baking powder_salt_egg_brown sugar_cinnamon_butter_walnuts|63,6906,4717,7449,332,6270,2499,800,1511,840,7642
29679|reeses squares   5 ingredients   no bake  reese s|graham cracker crumbs_confectioners' sugar_peanut butter_butter_milk chocolate chips|3324,1689,5261,840,4722
87782|greek potatoes  oven roasted and delicious|potatoes_garlic cloves_olive oil_water_dried oregano_lemon_sea salt_fresh coarse ground black pepper|5648,3203,5006,7655,2320,4231,6352,2780
73166|the best chili you will ever taste|oil_onions_garlic_lean ground beef_beef sirloin_diced tomatoes_dark beer_strong coffee_tomato paste_beef broth_brown sugar_chili sauce_cumin_cocoa_oregano_cayenne_coriander_salt_kidney beans_chili peppers|4987,5010,3184,4189,478,2131,2044,6891,7229,437,800,1330,2007,1584,5106,1118,1795,6270,4062,1326
50719|the sweetest blueberry muffins|butter_granulated sugar_eggs_vanilla_baking powder_salt_all-purpose flour_milk_fresh blueberries_lemon zest_ground nutmeg|840,3355,2499,7449,332,6270,63,4717,2763,4284,3527
141983|better than olive garden alfredo sauce|sweet butter_olive oil_garlic cloves_heavy cream_white pepper_parmesan cheese_mozzarella cheese_angel hair pasta_parsley_cracked black pepper|6962,5006,3203,3668,7774,5180,4836,132,5185,1867
37336|melt in your mouth chicken breasts|boneless chicken breast halves_mayonnaise_parmesan cheese_seasoning salt_ground black pepper_garlic powder|1254,4623,5180,6374,3486,3217
28768|absolute best ever lasagna|lean ground beef_italian sausage_onion_garlic cloves_salt_fresh coarse ground black pepper_dried parsley flakes_dried oregano_dried basil_whole tomatoes_ricotta cheese_eggs_pepper_parsley_parmesan cheese_mozzarella cheese_lasagna noodles|4189,6324,5010,3203,6270,2780,2325,2320,2212,7863,6085,2499,5319,5185,5180,4836,4155
43509|crumb topped banana muffins|flour_baking soda_baking powder_salt_bananas_sugar_egg_butter_brown sugar_cinnamon_nuts|2683,335,332,6270,342,6906,2499,840,800,1511,4958
60350|easy stove top macaroni   cheese|elbow macaroni_butter_all-purpose flour_salt_black pepper_milk_shredded cheddar cheese|2518,840,63,6270,590,4717,1168
150384|panera broccoli cheese soup|butter_onion_flour_half-and-half cream_chicken stock_fresh broccoli_carrot_nutmeg_sharp cheddar cheese_salt and pepper_crusty bread_whole milk|840,5010,2683,3590,1297,2765,1093,4964,1168,6276,1990,7853
27520|poverty meal|onion_garlic cloves_olive oil_ground beef_stewed tomatoes_water_elbow macaroni_salt_pepper_parmesan cheese|5010,3203,5006,3484,6819,7655,2518,6270,5319,5180
2496|dark chocolate cake|sugar_flour_baking cocoa_baking powder_baking soda_salt_eggs_milk_vegetable oil_vanilla extract_boiling water|6906,2683,328,332,335,6270,2499,4717,7557,7470,673
89207|kittencal s chocolate frosting icing|butter_confectioners' sugar_half-and-half cream_vanilla_unsweetened cocoa powder|840,1689,3590,7449,7407
31750|the best ever waffles|flour_baking powder_salt_sugar_eggs_butter_milk|2683,332,6270,6906,2499,840,4717
9272|wonderful salsa|tomatoes_onions_green peppers_jalapeno pepper_garlic cloves_cumin_pepper_canning salt_sugar_vinegar_tomato sauce_tomato paste|7213,5010,3440,3957,3203,2007,5319,1041,6906,7620,7233,7229
92095|authentic italian meatballs|ground beef_eggs_milk_breadcrumbs_salt_fresh parsley_garlic powder_fresh ground pepper_locatelli cheese|3484,2499,4717,728,6270,2856,3217,2817,4459
78814|kittencal s chicken crescent roll casserole|pillsbury refrigerated crescent dinner rolls_cream of chicken soup_cheddar cheese_18% table cream_cream cheese_butter_garlic powder_onion_cooked chicken breasts_seasoning salt_ground black pepper_mayonnaise|6029,1917,1168,7053,1910,840,3217,5010,1708,6374,3486,4623
132263|5 minute vegan pancakes|flour_sugar_baking powder_salt_soymilk_vegetable oil|2683,6906,332,6270,6706,7557
53914|mama s supper club tilapia parmesan|tilapia fillets_lemon juice_parmesan cheese_butter_mayonnaise_green onions_seasoning salt_dried basil_black pepper_hot pepper sauce|7178,4253,5180,840,4623,6335,6374,2212,590,3800
15411|impossible peanut butter cookies|peanut butter_granulated sugar_egg_sugar|5261,3355,2499,6906
8701|should be illegal oven bbq ribs|pork back ribs_honey_paprika_chili powder_garlic powder_old bay seasoning_onion powder_celery salt_dark brown sugar_fresh ground pepper_onion_barbecue sauce_white sugar|5566,3723,5168,1329,3217,4996,5024,1132,2045,2817,5010,367,7790
73825|why i joined zaar carrot cake|all-purpose flour_baking soda_baking powder_salt_ground cinnamon_white sugar_vegetable oil_eggs_vanilla extract_carrots_flaked coconut_walnuts_crushed pineapple_cream cheese_butter_icing sugar|63,335,332,6270,3497,7790,7557,2499,7470,1093,2665,7642,1982,1910,840,3834
90674|denny s style french toast|eggs_whole milk_flour_sugar_vanilla_salt_cinnamon_texas toast thick bread_butter_powdered sugar_syrup|2499,7853,2683,6906,7449,6270,1511,7141,840,5695,7040
32844|pasta with sausage  tomatoes  and cream|olive oil_sweet italian sausage link_dried red pepper flakes_onion_garlic_italian plum tomatoes_whipping cream_salt_pasta_parsley_parmesan cheese|5006,6324,2347,5010,3184,3934,7705,6270,5219,5185,5180
200296|kittencal s easy and delicious ranch parmesan chicken|boneless skinless chicken breasts_dry breadcrumbs_parmesan cheese_seasoning salt_ground black pepper_garlic powder_ranch salad dressing_butter|1252,2404,5180,6374,3486,3217,2200,840
31128|yummy crunchy apple pie|pastry for single-crust pie_sugar_flour_cinnamon_nutmeg_allspice_salt_apples_brown sugar_quick-cooking rolled oats_butter_pecans|5217,6906,2683,1511,4964,68,6270,150,800,6156,840,5298
71373|country white bread or dinner rolls  bread machine|water_egg_vegetable oil_bread flour_sugar_salt_instant yeast_butter_shortening|7655,2499,7557,721,6906,6270,7956,840,6473
33921|really good vegetarian meatloaf  really|water_salt_lentils_onion_quick-cooking oats_cheddar cheese_egg_spaghetti sauce_garlic powder_dried basil_dried parsley_seasoning salt_black pepper|7655,6270,4305,5010,4969,1168,2499,6711,3217,2212,2324,6374,590
15865|p  f  chang s chicken lettuce wraps by todd wilbur|oil_boneless skinless chicken breasts_water chestnut_mushroom_onions_garlic_iceberg lettuce_sugar_water_soy sauce_rice wine vinegar_ketchup_lemon juice_sesame oil_hot mustard_garlic and red chile paste_brown sugar|4987,1252,7656,4863,5010,3184,4308,6906,7655,6696,6084,4053,4253,6413,3791,1316,800
26370|the only chocolate cake recipe you ll ever need   devil s food|all-purpose flour_salt_baking powder_baking soda_unsweetened cocoa powder_sugar_vegetable oil_hot coffee_milk_eggs_vanilla_butter_shortening|63,6270,332,335,7407,6906,7557,3778,4717,2499,7449,840,6473
77585|copycat olive garden minestrone soup by todd wilbur|olive oil_white onion_zucchini_italian cut green beans_celery_garlic_vegetable broth_red kidney beans_small white beans_diced tomatoes_carrot_fresh parsley_dried oregano_salt_ground black pepper_dried basil_dried thyme_hot water_baby spinach_small shell pasta|5006,7770,8021,3928,1124,3184,7550,4062,6551,2131,1093,2856,2320,6270,3486,2212,2378,3815,288,6548
34382|mashed red potatoes with garlic and parmesan|red potatoes_garlic cloves_butter_milk_salt_parmesan cheese|5985,3203,840,4717,6270,5180
9836|slow cooker cheesy chicken|boneless skinless chicken breasts_condensed cream of chicken soup_condensed cheddar cheese soup_garlic powder_salt and pepper|1252,1672,1168,3217,6276
27144|chocolate  chocolate  chocolate  bundt cake with chocolate glaze|devil's food cake mix_instant chocolate pudding mix_semi-sweet chocolate chips_water_eggs_vanilla extract_cocoa_butter_powdered sugar_hot water|912,3865,1388,7655,2499,7470,1584,840,5695,3815
114392|ultimate pizza sauce|olive oil_butter_onion_celery_garlic clove_tomato sauce_tomato paste_parmesan cheese_dried basil_dried oregano_salt_sugar_black pepper_bay leaf_fennel seed|5006,840,5010,1124,3203,7233,7229,5180,2212,2320,6270,6906,590,393,2587
27210|best grilled pork chops|water_light soy sauce_vegetable oil_lemon pepper seasoning_garlic cloves_pork loin chops|7655,6696,7557,4263,3203,5591
106251|roasted cauliflower   16 roasted cloves of garlic|cauliflower_garlic cloves_fresh rosemary_salt_black pepper_olive oil|1112,3203,2879,6270,590,5006
66596|kittencal s famous greek salad|olive oil_lemon, juice of_dried oregano_garlic_dried basil_red wine vinegar_salt_sugar_fresh ground black pepper_romaine lettuce_plum tomatoes_english cucumber_red onion_green bell pepper_feta cheese_kalamata olive|5006,4287,2320,3184,2212,6009,6270,6906,2816,4308,5519,2534,5966,3399,2591,4023
52035|oreo balls|oreo cookies_cream cheese_white chocolate bark_chocolate bark|5112,1910,7729,1381
43023|creamy garlic penne pasta|penne_butter_garlic cloves_flour_chicken broth_milk_parsley flakes_salt and pepper_parmesan cheese|5313,840,3203,2683,1257,4717,5186,6276,5180
63786|steak  or chicken  fajitas|top sirloin steak_olive oil_lime juice_garlic clove_chili powder_cumin_hot pepper flakes_black pepper_salt_flour tortillas_onion_sweet peppers_salsa_sour cream_cheese_chopped tomato|7253,5006,4384,3203,1329,2007,3794,590,6270,7258,5010,6985,6265,6654,1170,1480
205890|soft peanut butter cookies|creamy peanut butter_brown sugar_white sugar_butter_eggs_baking soda_baking powder_vanilla extract_flour|1938,800,7790,840,2499,335,332,7470,2683
128956|ww 0 point weight watchers cabbage soup|nonfat beef broth_garlic cloves_tomato paste_cabbage_yellow onion_carrot_green beans_zucchini_basil_oregano_salt & pepper|437,3203,7229,893,7979,1093,3398,8021,382,5106,6273
82925|edna s apple crumble  aka  apple crisp|granny smith apples_brown sugar_flour_rolled oats_cinnamon_nutmeg_butter|3347,800,2683,6156,1511,4964,840
26217|bev s spaghetti sauce|ground beef_olive oil_onion_garlic_bay leaves_oregano_dried basil_italian seasoning_salt_ground pepper_tomato paste_tomato sauce_diced tomatoes_fresh mushrooms_parmesan cheese|3484,5006,5010,3184,393,5106,2212,3940,6270,3532,7229,7233,2131,2847,5180
46922|awesome baked ham|bone-in ham_brown sugar_yellow mustard_aluminum foil|677,800,7977,96
95569|easy and tasty barbecue chicken sandwiches in the crock pot|boneless skinless chicken breast_barbecue sauce_sweet onion_hamburger buns|1252,367,6980,3610
349246|microwave chocolate mug brownie|butter_water_vanilla extract_salt_white sugar_unsweetened cocoa powder_flour_chocolate milk|840,7655,7470,6270,7790,7407,2683,1427
15072|perfect chocolate brownies|cocoa powder_shortening_sugar_eggs_vanilla_flour_baking powder_salt_walnuts|1589,6473,6906,2499,7449,2683,332,6270,7642
16531|crock pot garlic brown sugar chicken|chicken_brown sugar_vinegar_sprite_garlic_soy sauce_pepper|1240,800,7620,6786,3184,6696,5319
8782|roast  sticky  chicken|salt_paprika_cayenne pepper_onion powder_thyme_white pepper_garlic powder_black pepper_roasting chicken_onions|6270,5168,1119,5024,7168,7774,3217,590,6142,5010
3470|crock pot chicken  gravy and stuffing|boneless skinless chicken breasts_salt_pepper_chicken broth_swiss cheese_cream of chicken soup_cream of mushroom soup_milk_pepperidge farm herb stuffing_butter|1252,6270,5319,1257,7033,1917,1920,4717,3678,840
107997|4 minute spicy garlic shrimp|shrimp_olive oil_garlic cloves_red pepper flakes_steak seasoning_lemon, zest of_lemon juice_fresh parsley|6487,5006,3203,5975,6805,4289,4253,2856
22176|classic baked ziti|lean ground beef_onion_garlic cloves_meatless sauce_chicken broth_dried oregano leaves_ziti pasta_mozzarella cheese_parmesan cheese|4189,5010,3203,4646,1257,2321,8019,4836,5180
46877|uncle bill s whipped shortbread cookies|butter_all-purpose flour_icing sugar_vanilla extract_red maraschino cherry_green maraschino cherry|840,63,3834,7470,5964,3435
48760|szechuan noodles with spicy beef sauce|ground beef_onions_garlic_fresh ginger_dry crushed red pepper_sesame oil_cornstarch_beef broth_hoisin sauce_soy sauce_vermicelli_green onion|3484,5010,3184,2809,2410,6413,1833,437,3710,6696,7612,6335
133751|restaurant teriyaki sauce|soy sauce_water_ground ginger_garlic powder_brown sugar_honey_cornstarch_cold water|6696,7655,3512,3217,800,3723,1833,1645
63071|the best belgian waffles|flour_baking powder_salt_sugar_eggs_vegetable oil_milk_vanilla|2683,332,6270,6906,2499,7557,4717,7449
145038|caramelized baked chicken legs wings|chicken legs_olive oil_soy sauce_ketchup_honey_garlic cloves_salt and pepper|1280,5006,6696,4053,3723,3203,6276
65340|buttery bread machine rolls|milk_butter_sugar_eggs_salt_bread flour_active dry yeast|4717,840,6906,2499,6270,721,7956
221743|kittencal s best blasted rapid roast whole chicken|whole chicken_oil_margarine_lemon juice_seasoning salt_garlic powder_fresh ground black pepper_cayenne pepper_lemon|7819,4987,4574,4253,6374,3217,2816,1119,4231
56103|roasted brussels sprouts|brussels sprouts_olive oil_kosher salt_lemon-pepper seasoning|811,5006,4096,4293
87085|southwestern baked spaghetti|spaghetti_milk_egg_ground beef_onion_green bell pepper_garlic cloves_chili powder_cumin_oregano_salt_pepper_tomato sauce_shredded cheddar cheese_monterey jack cheese|6715,4717,2499,3484,5010,3399,3203,1329,2007,5106,6270,5319,7233,1168,4814
1356|ground beef stuffed green bell peppers with cheese|green peppers_beef_onion_tomatoes_long grain rice_water_salt_worcestershire sauce_cheddar cheese|3440,422,5010,7213,4470,7655,6270,7946,1168
29598|amazing chicken marinade|cider vinegar_whole grain mustard_garlic_lime_lemon_brown sugar_salt_olive oil_ground black pepper_boneless skinless chicken breast halves|1504,7839,3184,4379,4231,800,6270,5006,3486,1254
66703|big grandma s best peanut butter cookies|brown sugar_white sugar_butter flavor crisco_creamy peanut butter_salt_eggs_vanilla_baking soda_flour|800,7790,840,1938,6270,2499,7449,335,2683
52488|mean guy s general tso s chicken|chicken thigh_eggs_cornstarch_dried chili pods_rice vinegar_rice wine_sugar_soy sauce|1306,2499,1833,2238,6082,6083,6906,6696
49387|oven fried eggplant  aubergine|fat-free mayonnaise_onion_eggplant_fine dry breadcrumb_parmesan cheese_dried italian seasoning_vegetable oil cooking spray|4623,5010,2516,2620,5180,2283,1786
34499|awesome baked pork chops|pork chops_garlic powder_seasoning salt_eggs_all-purpose flour_italian style breadcrumbs_olive oil_condensed cream of mushroom soup_milk_white wine|5574,3217,6374,2499,63,728,5006,1674,4717,7801
54351|best oatmeal cookies|eggs_raisins_vanilla_butter_brown sugar_white sugar_flour_salt_cinnamon_baking soda_oatmeal_pecans|2499,5825,7449,840,800,7790,2683,6270,1511,335,4975,5298
222188|vanilla  buttercream frosting  from sprinkles cupcakes|unsalted butter_confectioners' sugar_milk_vanilla extract_salt|7367,1689,4717,7470,6270
26257|so it s bekah s pulled pork now|pork butt_black pepper_paprika_turbinado sugar_salt_dry mustard_cayenne_chicken stock_dry white wine_apple cider vinegar_molasses_plum tomato_shallots_pitted dates_garlic|5571,590,5168,7294,6270,2430,1118,1297,2461,155,4807,5519,6426,5476,3184
20616|irish rosie s irish soda bread|flour_sugar_baking soda_baking powder_salt_sour cream_eggs_caraway seeds_raisins|2683,6906,335,332,6270,6654,2499,1078,5825
19424|banana chocolate chip muffins|bananas_egg_low-fat buttermilk_granulated sugar_brown sugar_flour_baking soda_salt_chocolate chips_walnuts|342,2499,869,3355,800,2683,335,6270,1388,7642
80536|mahogany beef stew|olive oil_boneless beef chuck roast_onions_red wine_diced tomatoes_dried oregano_dried basil_thyme_hoisin sauce_bay leaves_garlic clove_carrot_cornstarch_water_fresh parsley|5006,441,5010,6007,2131,2320,2212,7168,3710,393,3203,1093,1833,7655,2856
35805|easy peezy pizza dough  bread machine pizza dough|granulated yeast_bread flour_salt_sugar_olive oil_water|7956,721,6270,6906,5006,7655
40497|oven crisp chicken wings|flour_paprika_garlic salt_black pepper_cayenne pepper_butter_chicken wings|2683,5168,3219,590,1119,840,1310
51537|my no roll pie crust|flour_salt_sugar_oil_milk|2683,6270,6906,4987,4717
37413|beef patties in onion gravy|ground beef_egg_dry breadcrumbs_dry onion soup mix_worcestershire sauce_pepper_water_flour|3484,2499,2404,2434,7946,5319,7655,2683
155186|fantastic taco casserole|ground beef_taco seasoning_refried beans_monterey jack cheese_salsa_green onions_black olives_tomatoes_corn chips|3484,7060,6016,4814,6265,6335,588,7213,1807
50144|crock pot potato chowder|potatoes_onion_chicken broth_condensed cream of chicken soup_cream cheese_bacon_chives|5648,5010,1257,1672,1910,298,1372
106627|caramelized butternut squash|butternut squash_unsalted butter_light brown sugar_kosher salt_fresh ground black pepper|875,7367,4320,4096,2816
64446|romano s macaroni grill rosemary bread|yeast_sugar_warm water_flour_salt_rosemary_butter|7956,6906,7650,2683,6270,6183,840
21761|brussels sprouts in garlic butter|brussels sprouts_butter_olive oil_garlic_parmesan cheese_salt and pepper|811,840,5006,3184,5180,6276
31516|spanish chicken   rice bake|cream of chicken soup_salsa_water_whole kernel corn_long-grain white rice_boneless chicken breast halves_chili powder_shredded cheddar cheese_canned black beans|1917,6265,7655,7850,4474,1254,1329,1168,970
110506|the best apple pie muffins ever|brown sugar_all-purpose flour_unsalted butter_cinnamon_vegetable oil_egg_vanilla_baking soda_salt_buttermilk_tart apples|800,63,7367,1511,7557,2499,7449,335,6270,869,7103
105670|bacon wrapped jalapeno poppers|fresh jalapeno peppers_cream cheese_shredded cheddar cheese_bacon|2826,1910,1168,298
121490|strawberries   cream bread  strawberry or blueberry|flour_baking powder_baking soda_salt_cinnamon_butter_sugar_light brown sugar_eggs_sour cream_vanilla_strawberries_walnuts|2683,332,335,6270,1511,840,6906,4320,2499,6654,7449,6846,7642
43072|oatmeal cottage cheese pancakes|oatmeal_cottage cheese_vanilla_egg whites|4975,1838,7449,2509
108775|baklava salmon  salmon with honey  butter  walnuts  and mustard|butter_whole grain mustard_honey_dry breadcrumbs_walnuts_fresh parsley_salmon fillets_black pepper_kosher salt_limes|840,7839,3723,2404,7642,2856,6261,590,4096,4379
29544|crock pot chops that will make you eat til you pop|pork chops_onions_celery ribs_green pepper_stewed tomatoes_ketchup_cider vinegar_brown sugar_worcestershire sauce_lemon juice_beef bouillon cube_cornstarch_water|5574,5010,1130,3440,6819,4053,1504,800,7946,4253,432,1833,7655
66241|buttermilk pancakes|eggs_all-purpose flour_sugar_baking powder_baking soda_salt_buttermilk_unsalted butter_vanilla extract_vegetable oil_maple syrup|2499,63,6906,332,335,6270,869,7367,7470,7557,4568
79944|bacon wrapped chicken  oamc|boneless skinless chicken breast halves_chive & onion cream cheese_butter_salt_bacon|1254,1910,840,6270,298
42169|jumbo shrimp parmesan|jumbo shrimp_olive oil_garlic_salt and pepper_unseasoned breadcrumbs_parmesan cheese_butter_lemon|4007,5006,3184,6276,7387,5180,840,4231
75302|mrs  geraldine s ground beef casserole|ground beef_tomatoes_onion_bell pepper_celery_mushrooms_brown sugar_worcestershire sauce_cream of mushroom soup_sharp cheddar cheese_angel hair pasta_tomato sauce_salt and pepper|3484,7213,5010,519,1124,4863,800,7946,1920,1168,132,7233,6276
25730|pumpkin pie dip|cream cheese_powdered sugar_pumpkin pie filling_ground cinnamon_ground ginger_apple_gingersnaps|1910,5695,5757,3497,3512,150,3270
82486|very moist banana nut bread|sugar_salt_flour_vegetable oil_eggs_vanilla_baking soda_buttermilk_pecans_bananas|6906,6270,2683,7557,2499,7449,335,869,5298,342
45940|slow cook down home pork chops and gravy|all-purpose flour_dry mustard_salt_garlic powder_boneless pork chops_condensed chicken broth_vegetable oil|63,2430,6270,3217,5574,1257,7557
129345|chicken scaloppine with lemon glaze   low fat and delicious|boneless skinless chicken breasts_dijon mustard_egg_dry breadcrumbs_poultry seasoning_garlic powder_seasoning salt_olive oil_chicken broth_fresh lemon juice_salt_lemon slices_fresh parsley|1252,2148,2499,2404,5667,3217,6374,5006,1257,2832,6270,4270,2856
20155|creamy potato salad|potatoes_bacon_celery_onion_sweet pickle relish_mayonnaise_sugar_celery seeds_apple cider vinegar_prepared mustard_salt_hardboiled egg|5648,298,1124,5010,5365,4623,6906,1133,155,4880,6270,3630
35988|tortellini tomato spinach soup|olive oil_onion_garlic clove_chicken broth_whole tomatoes_tortellini_kosher salt_cracked black pepper_fresh spinach_parmesan cheese|5006,5010,3203,1257,7863,7257,4096,1867,2898,5180
302120|traditional irish shepherd s pie|olive oil_black pepper_ground beef_onion_carrots_frozen peas_fresh thyme_flour_butter_red wine_tomato paste_worcestershire sauce_chicken stock_mashed potatoes_egg_parmesan cheese|5006,590,3484,5010,1093,3046,2909,2683,840,6007,7229,7946,1297,4610,2499,5180
178370|simple vanilla cupcakes|flour_salt_baking powder_butter_sugar_eggs_milk_vanilla essence|2683,6270,332,840,6906,2499,4717,7469
13285|greek style turkey burgers|ground turkey_feta cheese_kalamata olive_dried oregano_italian seasoning_dried parsley_dried basil_onion powder_garlic powder_ground black pepper|3548,2591,4023,2320,3940,2324,2212,5024,3217,3486
42780|long john silver s fish batter|flour_cornstarch_baking soda_baking powder_salt_water|2683,1833,335,332,6270,7655
30366|bev s macaroni and cheese|butter_flour_salt_dry mustard_pepper_milk_cheddar cheese_elbow macaroni|840,2683,6270,2430,5319,4717,1168,2518
44888|caramelized chicken wings|chicken wings_olive oil_soy sauce_ketchup_honey_garlic clove_salt_ground black pepper|1310,5006,6696,4053,3723,3203,6270,3486
32147|slow cooker beef short ribs|flour_salt_pepper_boneless beef short ribs_butter_onion_beef broth_red wine vinegar_brown sugar_chili sauce_catsup_worcestershire sauce_garlic_chili powder|2683,6270,5319,475,840,5010,437,6009,800,1330,1111,7946,3184,1329
29884|easy enchiladas  beef or chicken|ground beef_onion_garlic powder_worcestershire sauce_tomato sauce_paprika_oregano_chili powder_cumin_black pepper_cheese_enchilada sauce_olive_corn tortillas_oil|3484,5010,3217,7946,7233,5168,5106,1329,2007,590,1170,2530,5003,7258,4987
108231|amazing chicken tortilla soup|olive oil_onion_garlic cloves_jalapeno pepper_green pepper_boneless skinless chicken breasts_frozen corn_dry white wine_cumin_chili powder_cayenne pepper_chicken broth_diced tomatoes_tomato sauce_non-fat tortilla chips|5006,5010,3203,3957,3440,1252,2991,2461,2007,1329,1119,1257,2131,7233,7258
57130|awesome slow cooker pot roast|condensed cream of mushroom soup_dry onion soup mix_water_pot roast|1674,2434,7655,5645
30081|ground beef gyros|plain yogurt_cucumber_onions_garlic clove_sugar_lean ground beef_dried oregano_garlic powder_onion powder_salt_pepper_pita breads_lettuce_tomatoes_onion|5502,2001,5010,3203,6906,4189,2320,3217,5024,6270,5319,5469,4308,7213,5010
80413|homemade hamburger buns  bread machine|milk_egg_butter_white sugar_salt_bread flour_active dry yeast|4717,2499,840,7790,6270,721,7956
42094|texas red enchilada sauce|butter_flour_red chili powder_cumin_garlic powder_tomato paste_water_salt and pepper|840,2683,5932,2007,3217,7229,7655,6276
112683|white chocolate chip cranberry oatmeal cookies|sugar_brown sugar_butter_egg_vanilla extract_cinnamon_baking soda_salt_all-purpose flour_quick-cooking oats_dried cranberries_white chocolate chips|6906,800,840,2499,7470,1511,335,6270,63,4969,2251,7731
76491|thick chocolate pudding|sugar_cocoa_cornstarch_salt_skim milk_vanilla extract|6906,1584,1833,6270,6516,7470
87925|kittencal s extreme chocolate brownies|butter_sugar_water_semi-sweet chocolate chips_vanilla_eggs_flour_baking soda_salt|840,6906,7655,1388,7449,2499,2683,335,6270
10125|soft batch chocolate chip cookies|butter_sugar_light brown sugar_eggs_vanilla_flour_baking soda_instant vanilla pudding_milk chocolate chips_walnuts|840,6906,4320,2499,7449,2683,335,3910,4722,7642
55768|baja black beans  corn and rice|cooked brown rice_black beans_corn_fresh tomatoes_red onion_cilantro_jalapeno pepper_fresh lime juice_olive oil_salt_fresh ground pepper_hot sauce|1706,553,1803,2913,5966,1505,3957,2837,5006,6270,2817,3810
21882|chicken pesto|pesto sauce mix_boneless skinless chicken breasts_breadcrumbs_provolone cheese_mushrooms|5352,1252,728,5731,4863
104086|the best chicken tortilla soup|chicken broth_tomato sauce_diced tomatoes_cooked chicken_anaheim chilies_jalapeno pepper_diced onion_tomatoes_garlic cloves_cilantro_chili powder_cumin_pepper_salt_tabasco sauce_chipotle pepper_shredded cheddar cheese_avocado_lime_tortilla chips|1257,7233,2131,1707,119,3957,2128,7213,3203,1505,1329,2007,5319,6270,7049,1368,1168,255,4379,7258
101104|libby s famous pumpkin pie|granulated sugar_salt_ground cinnamon_ground ginger_ground cloves_eggs_pumpkin puree_carnation evaporated milk_unbaked 9-inch deep dish pie pastry_whipped cream|3355,6270,3497,3512,3498,2499,5760,2559,7347,7702
185342|weight watchers parmesan chicken cutlets|parmesan cheese_italian seasoned breadcrumbs_paprika_dried parsley_garlic powder_fresh ground pepper_boneless skinless chicken breast|5180,3939,5168,2324,3217,2817,1252
14979|old fashioned banana cream pie|pie crusts_whole milk_white sugar_all-purpose flour_salt_egg yolks_butter_vanilla_bananas|5375,7853,7790,63,6270,2512,840,7449,342
18914|incredibly delicious cheese garlic bread spread|margarine_garlic_garlic powder_black pepper_parmesan cheese_cheddar cheese|4574,3184,3217,590,5180,1168
56694|the very best salisbury steak|french onion soup_ground beef_dry breadcrumbs_egg_salt_ground black pepper_all-purpose flour_ketchup_worcestershire sauce_mustard powder_water|2730,3484,2404,2499,6270,3486,63,4053,7946,4883,7655
24672|the ultimate strawberry shortcake|fresh strawberries_sugar_cream cheese_powdered sugar_frozen whipped topping_angel food cake|2901,6906,1910,5695,3108,131
185445|best pumpkin cookies|butter_sugar_brown sugar_canned pumpkin_egg_vanilla extract_flour_baking soda_baking powder_cinnamon_ground nutmeg_salt_dark brown sugar_milk_confectioners' sugar|840,6906,800,1013,2499,7470,2683,335,332,1511,3527,6270,2045,4717,1689
78194|taco bell quesadillas|mayonnaise_jalapenos_jalapeno juice_sugar_cumin_paprika_cayenne pepper_garlic powder_salt_flour tortillas_chicken tenderloins_cheddar cheese_monterey jack cheese_process american cheese|4623,3951,3956,6906,2007,5168,1119,3217,6270,7258,1305,1168,4814,5720
66575|fruit salad with pudding|peach slices_pineapple chunks_vanilla instant pudding mix_strawberry_banana_blueberries_grapes_sugar|5247,5410,7479,6846,342,648,3357,6906
17126|quick spanish rice|stewed tomatoes_chicken stock_rice_butter_chili powder_oregano_garlic salt_cumin|6819,1297,6061,840,1329,5106,3219,2007
145064|kittencal s easy no fail make anytime turkey gravy|butter_all-purpose flour_black pepper_pan drippings|840,63,590,5144
99709|baked tilapia with lots of spice|salt_paprika_onion powder_dry mustard_garlic powder_pepper_cumin_basil_italian seasoning_tilapia fillets_breadcrumbs_green onions_dried parsley flakes_olive oil|6270,5168,5024,2430,3217,5319,2007,382,3940,7178,728,6335,2325,5006
136589|best apple cake|flour_sugar_baking soda_salt_eggs_vegetable oil_vanilla_apples_apple juice_walnuts_brown sugar_butter_whipping cream|2683,6906,335,6270,2499,7557,7449,150,159,7642,800,840,7705
102617|kittencal s famous coleslaw|green cabbage_carrot_green onions_celery seeds_mayonnaise_whole milk_buttermilk_white vinegar_fresh lemon juice_white sugar_garlic powder_seasoning salt_fresh ground black pepper|3402,1093,6335,1133,4623,7853,869,7799,2832,7790,3217,6374,2816
52272|thick and creamy new england clam chowder|bacon_onion_baby clams_potatoes_cream of celery soup_heavy cream_milk_butter_dried dill weed|298,5010,271,5648,1914,3668,4717,840,2258
52892|olive garden garlic alfredo sauce|butter_cream cheese_heavy cream_garlic powder_salt & freshly ground black pepper_parmesan cheese|840,1910,3668,3217,6272,5180
74629|brown rice and lentil casserole|chicken broth_lentils_brown rice_onion_italian seasoning_garlic powder_cheese|1257,4305,790,5010,3940,3217,1170
116849|kittencal s famous caesar salad|head romaine lettuce_garlic-flavored croutons_parmesan cheese_black pepper_anchovy fillets_fresh garlic cloves_mayonnaise_half-and-half cream_lemon juice_dijon mustard_salt and pepper_worcestershire sauce_buttermilk|4308,3204,5180,590,125,2808,4623,3590,4253,2148,6276,7946,869
13269|pepsi pork roast|pork shoulder butt_pepsi_cream of mushroom soup_onion soup mix|5612,5343,1920,5033
11345|grandma s soft sugar cookies|eggs_vegetable oil_vanilla_white sugar_flour_baking powder_salt|2499,7557,7449,7790,2683,332,6270
74730|zesty oven baked fries|baking potatoes_parmesan cheese_oil_salt_garlic powder_paprika_black pepper|331,5180,4987,6270,3217,5168,590
53508|charlie s famous chicken salad with grapes|cooked chicken_celery_seedless grapes_walnuts_onion_salt_worcestershire sauce_miracle whip|1707,1124,6380,7642,5010,6270,7946,4763
34688|potato kielbasa skillet|potatoes_kielbasa_onion_green pepper_vegetable oil_oregano_basil_salt_pepper_water_american cheese|5648,4063,5010,3440,7557,5106,382,6270,5319,7655,112
26849|world s best chocolate chip cookies|white sugar_brown sugar_butter_vanilla_eggs_all-purpose flour_baking soda_salt_semi-sweet chocolate chips_walnuts|7790,800,840,7449,2499,63,335,6270,1388,7642
100727|thick  soft  and chewy chocolate chip cookies|all-purpose flour_baking soda_salt_real butter_shortening_brown sugar_vanilla_eggs_semi-sweet chocolate chips_nuts|63,335,6270,5901,6473,800,7449,2499,1388,4958
34881|black bean and tortilla bake|garlic clove_onion_chopped tomato_green onion_chili powder_cumin powder_tomato sauce_black beans_cilantro_salt and pepper_corn tortillas_low-fat cheddar cheese|3203,5010,1480,6335,1329,2009,7233,553,1505,6276,7258,1168
101954|utterly deadly southern pecan pie|sugar_corn syrup_eggs_butter_vanilla_pecans_deep dish pie shell|6906,1824,2499,840,7449,5298,2099
26306|copycat  green giant niblets corn in butter sauce|frozen corn_salt_butter_sugar_water_cornstarch|2991,6270,840,6906,7655,1833
27733|chicken garlic bites|boneless skinless chicken breasts_olive oil_garlic cloves_pepper_breadcrumbs_cayenne pepper|1252,5006,3203,5319,728,1119
21363|hamburger noodle bake|hamburger_onions_garlic_salt_pepper_sugar_tomato sauce_cream cheese_sour cream_shredded cheddar cheese_noodles|3609,5010,3184,6270,5319,6906,7233,1910,6654,1168,4947
13546|beth s pizza crust|yeast_water_flour_olive oil_sugar_salt|7956,7655,2683,5006,6906,6270
183081|40 minute hamburger buns|active dry yeast_water_warm water_vegetable oil_sugar_egg_salt_flour|7956,7655,7650,7557,6906,2499,6270,2683
105594|mom s chocolate cupcakes|flour_granulated sugar_baking soda_salt_cocoa powder_oil_water_vanilla extract_vinegar|2683,3355,335,6270,1589,4987,7655,7470,7620
89751|kittencal s easy one bowl vanilla cupcakes|all-purpose flour_sugar_baking powder_salt_shortening_milk_vanilla_eggs|63,6906,332,6270,6473,4717,7449,2499
59635|chili s salsa|tomatoes and green chilies_whole canned tomatoes_jalapenos_yellow onion_garlic salt_cumin_sugar|7237,7816,3951,7979,3219,2007,6906
49200|easy baked potato wedges|potatoes_cooking oil_parmesan cheese_salt_paprika_pepper_garlic powder|5648,1783,5180,6270,5168,5319,3217
111777|chicken pot pie with 2 crusts|margarine_flour_onion_salt_pepper_chicken broth_milk_cooked chicken_frozen mixed vegetables_pie crusts|4574,2683,5010,6270,5319,1257,4717,1707,3037,5375
87748|all purpose stir fry sauce  brown garlic sauce|soy sauce_chicken broth_rice wine_sugar_sesame oil_white pepper_cooking oil_garlic_minced ginger_cornstarch_water|6696,1257,6083,6906,6413,7774,1783,3184,4741,1833,7655
486496|bacon lattice tomato muffins  rsc|reynolds wrap foil_bacon_flakey biscuits_mayonnaise_cream cheese_dried rosemary_salt_pepper_grape tomatoes_diced onion_monterey jack cheese|6049,298,2667,4623,1910,2350,6270,5319,3365,2128,4814
13982|honey ginger grilled salmon|ground ginger_garlic powder_reduced sodium soy sauce_orange juice_honey_green onion_salmon fillets|3512,3217,6696,5058,3723,6335,6261
49737|panera bread  black bean soup|onion_garlic cloves_celery ribs_red bell pepper_chicken bouillon cubes_boiling water_black beans_salt_cumin_lemon, juice of_cornstarch|5010,3203,1130,5915,1248,673,553,6270,2007,4287,1833
42603|ranch chicken thighs|dry breadcrumbs_parmesan cheese_yellow cornmeal_italian seasoning_chicken thighs_ranch salad dressing_seasoning salt|2404,5180,7970,3940,1306,2200,6374
44232|tomato and basil bruschetta|roma tomatoes_garlic_olive oil_balsamic vinegar_fresh basil_kosher salt_fresh cracked pepper_italian bread_parmigiano-reggiano cheese|6160,3184,5006,339,2757,4096,2789,3923,5184
83203|korean roast chicken thighs|chicken thighs_soy sauce_green onion_sesame oil_honey_garlic_ground ginger_black pepper|1306,6696,6335,6413,3723,3184,3512,590
12522|steven s world famous to die for sour cream chicken|chicken breasts_sour cream_ritz crackers_sweet butter_parmesan cheese_tarragon|1252,6654,6097,6962,5180,7099
42071|best cream of broccoli soup|butter_onion_garlic clove_celery_chicken broth_broccoli_flour_milk_pepper_velveeta cheese|840,5010,3203,1124,1257,756,2683,4717,5319,7594
8603|easy banana muffins|bananas_white sugar_egg_baking soda_baking powder_all-purpose flour_butter_salt_nuts_chocolate chips|342,7790,2499,335,332,63,840,6270,4958,1388
31562|buttery shrimp and pasta|pasta_butter_shrimp_garlic_half-and-half_fresh basil_parmesan cheese_black pepper_red pepper flakes|5219,840,6487,3184,3589,2757,5180,590,5975
129598|flawless sesame chicken  restaurant style|whole boneless chicken breasts_light soy sauce_cooking wine_sesame oil_flour_cornstarch_water_baking powder_baking soda_vegetable oil_chicken broth_white vinegar_sugar_dark soy sauce_chili paste_garlic clove_peanut oil_toasted sesame seeds|7820,6696,1787,6413,2683,1833,7655,332,335,7557,1257,7799,6906,6696,1325,3203,5276,7194
53198|the ultimate salmon fillets|salmon fillet_sour cream_prepared mustard_onions_dried dill weed_mayonnaise_parmesan cheese_cheddar cheese_paprika|6261,6654,4880,5010,2258,4623,5180,1168,5168
108105|thai chicken breasts|fresh gingerroot_garlic_crushed red pepper flakes_boneless skinless chicken breasts_flour_salt and pepper_olive oil_soy sauce_brown sugar_white wine vinegar_fish sauce_sugar snap pea|2810,3184,1986,1252,2683,6276,5006,6696,800,7803,2654,6916
35393|berry smash muffins  strawberry muffins|fresh strawberries_sugar_vegetable oil_eggs_gold medal all-purpose flour_baking soda_salt_cinnamon|2901,6906,7557,2499,3301,335,6270,1511
108248|nestle toll house chocolate chip pan cookie|all-purpose flour_baking soda_salt_butter_granulated sugar_brown sugar_vanilla extract_eggs_semi-sweet chocolate chips_nuts|63,335,6270,840,3355,800,7470,2499,1388,4958
11107|buttered egg noodles  best ever|water_real butter_egg noodles|7655,5901,2503
135272|lemon baked cod|cod fish fillet_butter_lemon juice_all-purpose flour_salt_white pepper_paprika|1622,840,4253,63,6270,7774,5168
18816|cabbage for those who dislike cabbage|butter_canola oil_green cabbage_brown sugar_garlic cloves_red wine vinegar_salt_fresh ground black pepper|840,1043,3402,800,3203,6009,6270,2816
84516|low carb pizza|cream cheese_eggs_heavy cream_parmesan cheese_chives_italian seasoning_garlic_mozzarella cheese_pizza sauce_pizza toppings|1910,2499,3668,5180,1372,3940,3184,4836,5485,5487
83561|oven fried garlic chicken|breadcrumbs_parmesan cheese_fresh parsley_salt_fresh ground pepper_butter_garlic cloves_chicken|728,5180,2856,6270,2817,840,3203,1240
33170|simple caribbean jerk chicken|italian salad dressing mix_brown sugar_oil_soy sauce_cinnamon_thyme_ground red pepper_chicken pieces|2200,800,4987,6696,1511,7168,3536,1289
50684|world s best butter cookies|unsalted butter_granulated sugar_salt_pure vanilla extract_egg yolk_all-purpose flour|7367,3355,6270,5767,2512,63
199579|best ever tuna noodle casserole|cream of chicken soup_mayonnaise_milk_yellow onion_celery_albacore tuna_cooked egg noodles_shredded cheddar cheese_salt and pepper|1917,4623,4717,7979,1124,48,1717,1168,6276
155021|unbelievable baked buffalo wings|chicken wings_cayenne pepper_crushed red pepper flakes_salt_louisiana hot sauce_margarine|1310,1119,1986,6270,4479,4574
8972|waldorf astoria red velvet cake|shortening_sugar_eggs_red food coloring_cocoa_buttermilk_cake flour_salt_vanilla_baking soda_vinegar_flour_milk_butter|6473,6906,2499,5947,1584,869,911,6270,7449,335,7620,2683,4717,840
28165|chicken  shrimp and andouille jambalaya|extra virgin olive oil_boneless skinless chicken thighs_andouille sausage_onion_celery ribs_green bell pepper_red bell pepper_dried thyme_dried oregano_sweet paprika_salt_cayenne pepper_long grain rice_tomatoes_chicken broth_medium shrimp_fresh parsley_green onions|5006,1306,6324,5010,1130,3399,5915,2378,2320,6983,6270,1119,4470,7213,1257,4661,2856,6335
749|zucchini lasagna  lasagne    low carb|zucchini_lean ground beef_onion_tomatoes_tomato paste_garlic clove_dried oregano_dried basil_dried thyme_water_pepper_egg_low fat cottage cheese_mozzarella cheese_flour|8021,4189,5010,7213,7229,3203,2320,2212,2378,7655,5319,2499,1838,4836,2683
80118|kittencal s bakery buttercream  frosting icing|shortening_butter_18% table cream_salt_almond extract_vanilla_confectioners' sugar_food coloring|6473,840,7053,6270,77,7449,1689,2696
293243|quick cinnamon rolls   no yeast|flour_sugar_baking powder_salt_butter_milk_brown sugar_cinnamon_powdered sugar|2683,6906,332,6270,840,4717,800,1511,5695
118761|microwave poached eggs|egg_white vinegar_water_salt and pepper|2499,7799,7655,6276
25723|tiny cinnamon rolls|refrigerated crescent dinner rolls_sugar_ground cinnamon_powdered sugar_milk_vanilla|6029,6906,3497,5695,4717,7449
48532|peanut butter chocolate chunk cookies|unsalted butter_chunky peanut butter_sugar_dark brown sugar_egg_vanilla_all-purpose flour_baking soda_bittersweet chocolate chips|7367,1494,6906,2045,2499,7449,63,335,548
155018|pan roasted broccoli|water_salt_pepper_vegetable oil_broccoli|7655,6270,5319,7557,756
98724|simple tomato sandwich|bread_tomatoes_miracle whip_salt|715,7213,4763,6270
132546|kittencal s chinese chicken balls with sweet and sour sauce|ketchup_soy sauce_white vinegar_brown sugar_white sugar_cold water_cornstarch_all-purpose flour_baking powder_baking soda_garlic powder_sugar_sesame oil_oil_chicken breasts_seasoning salt|4053,6696,7799,800,7790,1645,1833,63,332,335,3217,6906,6413,4987,1252,6374
152441|24k carrots|carrots_brown sugar_butter_ground ginger|1093,800,840,3512
262140|cheesy ham and potato soup|potatoes_celery_onion_carrot_ham_water_chicken bouillon granules_salt_pepper_butter_flour_milk_cheddar cheese|5648,1124,5010,1093,3597,7655,1249,6270,5319,840,2683,4717,1168
64138|crock pot ravioli|beef ravioli_pasta sauce_tomato sauce_water_red peppers_italian spices_mozzarella cheese|465,5205,7233,7655,5974,3941,4836
53301|chewy double chocolate chip cookies|butter_sugar_eggs_vanilla_flour_cocoa_baking soda_salt_chocolate chips|840,6906,2499,7449,2683,1584,335,6270,1388
110683|basic batter waffles|eggs_milk_vegetable oil_all-purpose flour_baking powder_sugar_salt_vanilla_maple extract|2499,4717,7557,63,332,6906,6270,7449,4565
3180|vanishing oatmeal raisin cookies|margarine_brown sugar_granulated sugar_eggs_vanilla_all-purpose flour_baking soda_cinnamon_salt_quicker quaker oats_raisins|4574,800,3355,2499,7449,63,335,1511,6270,5793,5825
8596|olive garden fettuccine alfredo|butter_cream cheese_heavy cream_garlic powder_salt_black pepper_parmesan cheese_fettuccine|840,1910,3668,3217,6270,590,5180,2592
69089|artichoke and chicken bake|water-packed artichoke hearts_parmesan cheese_mayonnaise_garlic powder_boneless skinless chicken breast halves|7658,5180,4623,3217,1254
14499|bacardi rum cake|pecans_yellow cake mix_vanilla instant pudding mix_eggs_cold water_cooking oil_dark rum_butter_water_sugar|5298,912,7479,2499,1645,1783,6212,840,7655,6906
9494|red lobster cheddar bay biscuits copycat|bisquick_milk_cheddar cheese_butter_garlic powder|537,4717,1168,840,3217
51997|awesome blueberry muffins|all-purpose flour_white sugar_salt_baking powder_vegetable oil_egg_milk_fresh blueberries_butter_ground cinnamon|63,7790,6270,332,7557,2499,4717,2763,840,3497
57919|tilapia al ajillo  garlic tilapia|tilapia fillets_garlic cloves_olive oil_salt and pepper_lemon_parsley|7178,3203,5006,6276,4231,5185
38041|my favorite chocolate chip cookies|shortening_butter_sugar_brown sugar_eggs_vanilla_flour_baking soda_salt_chocolate chips|6473,840,6906,800,2499,7449,2683,335,6270,1388
71557|balsamic chicken thighs|skinless chicken thighs_salt and pepper_shallot_balsamic vinegar_cooking spray|1306,6276,6426,339,1786
107072|crispy ginger beef|flank steaks_cornstarch_water_eggs_carrot_green onions_fresh ginger_garlic cloves_canola oil_soy sauce_rice vinegar_sesame oil_sugar_crushed red pepper flakes|2668,1833,7655,2499,1093,6335,2809,3203,1043,6696,6082,6413,6906,1986
45069|debbie s crock pot chili|chili powder_ground coriander_ground cumin_garlic powder_oregano_cayenne pepper_ground beef_onion_diced tomatoes_tomato sauce_kidney beans|1329,3500,3502,3217,5106,1119,3484,5010,2131,7233,4062
38641|brown sugar meatloaf|brown sugar_ketchup_lean ground beef_milk_eggs_salt_ground black pepper_onion_ground ginger_saltine crumbs|800,4053,4189,4717,2499,6270,3486,5010,3512,6295
486641|moist   delicious banana nut bread|butter_sugar_vanilla_eggs_bananas_milk_flour_salt_baking soda_pecans|840,6906,7449,2499,342,4717,2683,6270,335,5298
46501|basic machine french bread|water_flour_salt_dry yeast|7655,2683,6270,7956
31342|blender quiche   or whatever you have in your kitchen leftover|shredded cheddar cheese_chicken meat_zucchini_eggs_baking mix_salt_garlic powder_dried onion flakes_fresh parsley_milk_olive oil_paprika|1168,1284,8021,2499,330,6270,3217,2318,2856,4717,5006,5168
36984|the best browned beef stew ever|beef stew meat_flour_salt_pepper_vegetable oil_onion_carrot_celery_dried parsley_thyme_beef broth_potatoes_carrots_onions|483,2683,6270,5319,7557,5010,1093,1124,2324,7168,437,5648,1093,5010
107281|best albondigas soup|lean ground beef_chorizo sausage_egg_garlic cloves_carrot_cooked rice_cilantro leaf_salt_pepper_ground cumin_chicken broth_onion_celery_diced tomatoes_oregano_cilantro_zucchini|4189,6324,2499,3203,1093,1746,1506,6270,5319,3502,1257,5010,1124,2131,5106,1505,8021
68159|roasted garlic mashed potatoes   the best you ve ever had|potatoes_garlic_olive oil_sour cream_butter_milk_salt_white pepper|5648,3184,5006,6654,840,4717,6270,7774
28943|most incredible no fail pie crust|flour_shortening_salt_egg_cold water_vinegar|2683,6473,6270,2499,1645,7620
31371|bev s sauteed yellow squash|summer squash_butter_onion_salt & pepper|6924,840,5010,6273
95068|just like loaded baked potatoes casserole|cauliflower_sour cream_shredded cheddar cheese_green onions_cooked bacon_salt and pepper|1112,6654,1168,6335,1699,6276
16371|streamlined chimichangas|ground beef_onion_garlic clove_pace picante sauce_ground cumin_dried oregano leaves_salt_flour tortillas_butter|3484,5010,3203,5138,3502,2321,6270,7258,840
92016|cinnamon swirl quick bread|butter_sugar_egg_all-purpose flour_baking powder_baking soda_salt_buttermilk_ground cinnamon|840,6906,2499,63,332,335,6270,869,3497
98415|tsr version of ihop buttermilk pancakes by todd wilbur|all-purpose flour_egg_buttermilk_granulated sugar_baking powder_baking soda_cooking oil_salt|63,2499,869,3355,332,335,1783,6270
74048|puppy chow or monkey munch|chex cereal_semi-sweet chocolate chips_smooth peanut butter_butter_vanilla_powdered sugar|1237,1388,6598,840,7449,5695
19724|adam s ribs|country-style pork ribs_dr. pepper cola_garlic cloves_liquid smoke_onion_barbecue sauce|5599,2195,3203,4436,5010,367
30946|granny s banana cream pie|sugar_all-purpose flour_salt_milk_egg yolks_butter_vanilla extract_firm bananas_pie shells_whipped cream_banana|6906,63,6270,4717,2512,840,7470,2638,5381,7702,342
256914|tsr version of red lobster cheddar bay biscuits by todd wilbur|bisquick baking mix_butter_sharp cheddar cheese_whole milk_garlic powder_dried parsley flakes_salt|538,840,1168,7853,3217,2325,6270
109685|mexican enchilada sauce|chili powder_flour_cocoa powder_garlic salt_oregano_water_tomato sauce|1329,2683,1589,3219,5106,7655,7233
29493|honey roasted pork loin|pork loin_salt and pepper_honey_orange juice_olive oil_thyme_chicken broth|5590,6276,3723,5058,5006,7168,1257
137575|southern fried salmon patties|canned salmon_onion_cornmeal_flour_egg_mayonnaise|1017,5010,1831,2683,2499,4623
79606|dirty shrimp in butter beer sauce|shrimp_butter_garlic_dried oregano_dried basil_dried thyme_cayenne pepper_crushed red pepper flakes_salt_black pepper_beer|6487,840,3184,2320,2212,2378,1119,1986,6270,590,510
51209|pizza hut style pizza dough  bread machine|water_sugar_salt_olive oil_cornmeal_unbleached all-purpose flour_baking powder_garlic powder_onion powder_msg_bread machine yeast|7655,6906,6270,5006,1831,7355,332,3217,5024,4838,7956
32607|wholesome homemade honey whole wheat bread|yeast_water_butter_molasses_honey_salt_whole wheat flour_white flour|7956,7655,840,4807,3723,6270,7887,7754
101041|lisa s swirled chocolate chip cookies|butter_granulated sugar_brown sugar_vanilla_eggs_flour_baking soda_salt_nestle semi-sweet and white chocolate swirled chocolate morsels|840,3355,800,7449,2499,2683,335,6270,127
16887|do at home onion rings|egg_vegetable oil_milk_flour_salt_baking powder_sweet onions_oil|2499,7557,4717,2683,6270,332,6980,4987
38966|quick yellow cake|flour_sugar_baking powder_salt_shortening_milk_vanilla_eggs|2683,6906,332,6270,6473,4717,7449,2499
146427|sweet chicken bacon wraps  paula deen|boneless skinless chicken breasts_bacon_brown sugar_chili powder|1252,298,800,1329
294196|perfect rump roast|rump roast_garlic cloves_salt_pepper_onion_water|6215,3203,6270,5319,5010,7655
29935|1 pan fudge cake|sugar_cocoa_baking soda_flour_salt_vanilla_vegetable oil_water_vinegar|6906,1584,335,2683,6270,7449,7557,7655,7620
47111|cinnamon raisin bread for the bread machine|water_margarine_flour_sugar_salt_cinnamon_yeast_raisins|7655,4574,2683,6906,6270,1511,7956,5825
126623|jolean s cheese potato   smoked sausage casserole|idaho potatoes_butter_flour_milk_salt_pepper_velveeta cheese_sharp cheddar cheese_smoked sausage_paprika|3836,840,2683,4717,6270,5319,7594,1168,6324,5168
92096|authentic italian tomato sauce|tomato puree_plum tomatoes_garlic_onion_cloves_basil_kosher salt_fresh ground pepper_sugar_extra virgin olive oil_cheese|7230,5519,3184,5010,1563,382,4096,2817,6906,5006,1170
29301|chicken curry in a hurry|flour_salt_cayenne pepper_boneless skinless chicken breast_canola oil_curry powder_onion_garlic cloves_chicken broth_golden raisin_tomato paste_fresh cilantro_plain nonfat yogurt|2683,6270,1119,1252,1043,2022,5010,3203,1257,3311,7229,2777,5502
99156|thai grilled chicken thighs|boneless skinless chicken thighs_fresh basil_fresh coriander_ginger_garlic_chili_soy sauce_fish sauce_olive oil_brown sugar|1306,2757,2783,3248,3184,1317,6696,2654,5006,800
125633|cream cheese cinnamon crescents|crescent roll dough_cream cheese_sugar_vanilla_butter_cinnamon|1959,1910,6906,7449,840,1511
5478|easy garlic chicken|boneless skinless chicken breasts_garlic cloves_brown sugar_olive oil_spices|1252,3203,800,5006,6738
348802|olive garden style chicken and gnocchi soup|chicken breasts_chicken stock_half-and-half_celery_garlic clove_carrot_onion_fresh spinach_olive oil_thyme_salt and pepper_potato gnocchi_cornstarch|1252,1297,3589,1124,3203,1093,5010,2898,5006,7168,6276,5658,1833
55673|baked balsamic chicken|chicken breast halves_balsamic vinegar_olive oil_dried oregano_kosher salt_fresh ground black pepper|1254,339,5006,2320,4096,2816
29329|italian chopped salad in shells|jumbo pasta shells_romaine lettuce_fresh basil_cooked chicken_tomatoes_cucumber_hard salami_garlic vinaigrette dressing|4006,4308,2757,1707,7213,2001,3623,2200
38953|our favourite lemon loaf|butter_sugar_eggs_milk_all-purpose flour_baking powder_salt_lemon_lemon, juice of|840,6906,2499,4717,63,332,6270,4231,4287
28648|baked ham and cheese omelet roll|eggs_milk_all-purpose flour_salt_black pepper_cooked ham_sharp cheddar cheese|2499,4717,63,6270,590,1723,1168
43908|yummy baked potato skins|baking potatoes_vegetable oil_parmesan cheese_salt_garlic powder_paprika_pepper_bacon_cheddar cheese_sour cream_green onions|331,7557,5180,6270,3217,5168,5319,298,1168,6654,6335
16884|awesome bacon tomato dip|sour cream_mayonnaise_cream cheese_cheddar cheese_onion_green pepper_tomatoes_bacon_garlic powder_black pepper_lettuce|6654,4623,1910,1168,5010,3440,7213,298,3217,590,4308
251220|kittencal s fluffiest scrambled eggs|butter_eggs_milk_baking powder_salt_fresh coarse ground black pepper_low-fat cheddar cheese|840,2499,4717,332,6270,2780,1168
215414|kittencal s scalloped potato and ground beef casserole|ground beef_onion_green bell pepper_garlic cloves_dried chili pepper flakes_seasoning salt_fresh ground black pepper_russet potatoes_shredded cheddar cheese_condensed cream of chicken soup_light cream_sour cream_parmesan cheese_garlic powder|3484,5010,3399,3203,2237,6374,2816,6220,1168,1672,4333,6654,5180,3217
51140|granny s slow cooker vegetarian chili|black bean soup_kidney beans_garbanzo beans_vegetarian baked beans_tomato puree_whole kernel corn_onion_green bell pepper_zucchini_celery_garlic cloves_chilies_jalapeno_chili powder_cumin_dried parsley_dried oregano_dried basil_cilantro|560,4062,3179,7569,7230,7850,5010,3399,8021,1124,3203,1336,3951,1329,2007,2324,2320,2212,1505
138173|kittencal s onion patties latkes|onions_green onion_flour_sugar_baking powder_seasoning salt_cayenne pepper_garlic powder_black pepper_milk_oil|5010,6335,2683,6906,332,6374,1119,3217,590,4717,4987
27968|the easiest  bestest focaccia bread ever|all-purpose flour_salt_white sugar_active dry yeast_garlic powder_oregano_dried thyme_dried basil_ground black pepper_vegetable oil_warm water_olive oil_parmesan cheese_mozzarella cheese|63,6270,7790,7956,3217,5106,2378,2212,3486,7557,7650,5006,5180,4836
103403|french dip roast beef for the crock pot|boneless chuck roast_soy sauce_beef bouillon cube_bay leaf_peppercorns_dried rosemary_dried thyme_garlic powder_french rolls|1485,6696,432,393,5324,2350,2378,3217,2733
35775|breakfast casserole supreme|margarine_sweet onion_green pepper_tomatoes_frozen hash brown potatoes_eggs_ham_cheddar cheese|4574,6980,3440,7213,3022,2499,3597,1168
128566|homemade chicken pot pie|potatoes_margarine_onion_celery_frozen mixed vegetables_all-purpose flour_refrigerated pie crusts_chicken broth_half-and-half_salt_pepper_cooked chicken_salt and pepper|5648,4574,5010,1124,3037,63,6036,1257,3589,6270,5319,1707,6276
20048|parmesan sage pork chops|breadcrumbs_parmesan cheese_dried rubbed sage_lemon rind_eggs_flour_salt and pepper_pork chops_butter_olive oil|728,5180,2352,4267,2499,2683,6276,5574,840,5006
56366|bestest hamburger soup|ground beef_salt_pepper_oregano_basil_seasoning salt_onion soup mix_boiling water_tomato sauce_soy sauce_celery_celery leaves_carrot_dried split peas_elbow macaroni_parmesan cheese|3484,6270,5319,5106,382,6374,5033,673,7233,6696,1124,1128,1093,2366,2518,5180
115110|secretly delicious spinach pie|jumbo eggs_milk_roasted garlic cloves_lemon pepper_salt_cooked bacon_flour tortilla_cheese_fresh spinach|4003,4717,6122,4262,6270,1699,7258,1170,2898
117317|blue ridge mountains chocolate chip cookies|shortening_butter_white sugar_brown sugar_vanilla_almond extract_baking soda_eggs_bleached all purpose flour_salt_chocolate chips|6473,840,7790,800,7449,77,335,2499,630,6270,1388
141789|caesar pork chops|flour_italian seasoning_caesar salad dressing_pork loin chops with bone_parmesan cheese|2683,3940,2200,5591,5180
69407|chocolate chocolate chip sour cream banana bread|butter_sugar_vanilla extract_eggs_flour_baking cocoa_baking soda_salt_bananas_sour cream_milk chocolate chips|840,6906,7470,2499,2683,328,335,6270,342,6654,4722
162379|weight watchers general tso s chicken|reduced-sodium chicken broth_cornstarch_sugar_low sodium soy sauce_white wine vinegar_ground ginger_peanut oil_scallions_garlic cloves_red pepper flakes_boneless skinless chicken breast_cooked white rice|1257,1833,6906,6696,7803,3512,5276,6335,3203,5975,1252,1766
137725|healthy no bake cookies|skim milk_sugar_cocoa powder_vanilla_crunchy peanut butter_wheat germ_ground flax seeds_quick oatmeal|6516,6906,1589,7449,1981,7688,3510,5792
71360|quick soft breadsticks|warm water_brown sugar_salt_oil_bread flour_yeast|7650,800,6270,4987,721,7956
257276|paula deen crock pot macaroni and cheese|elbow macaroni_butter_sharp cheddar cheese_eggs_sour cream_condensed cheddar cheese soup_salt_whole milk_dry mustard_black pepper|2518,840,1168,2499,6654,1168,6270,7853,2430,590
108651|easy creamy sour cream chicken casserole|boneless skinless chicken breasts_sour cream_cream of chicken soup_ritz crackers_butter_salt and pepper|1252,6654,1917,6097,840,6276
66409|simple sweet scones|all-purpose flour_baking powder_salt_unsalted butter_granulated sugar_milk|63,332,6270,7367,3355,4717
9327|double chocolate banana muffins|flour_sugar_baking cocoa_baking soda_salt_baking powder_bananas_vegetable oil_egg_miniature semisweet chocolate chips|2683,6906,328,335,6270,332,342,7557,2499,233
29002|crazy crust pizza|flour_salt_oregano_black pepper_eggs_milk_ground beef_onion_sliced mushrooms_pizza sauce_pre-shredded mozzarella cheese|2683,6270,5106,590,2499,4717,3484,5010,6528,5485,4836
8579|beef roast|rump roast_beef gravy_mushrooms_onion soup mix_italian salad dressing_carrot_potato|6215,453,4863,5033,2200,1093,5648
115432|whole wheat honey banana muffins|whole wheat flour_baking soda_salt_wheat germ_olive oil_honey_eggs_bananas_hot water|7887,335,6270,7688,5006,3723,2499,342,3815
13949|cube steak and gravy  crock pot|cube steaks_salt_pepper_flour_onion gravy mix_cream of mushroom soup_water|1999,6270,5319,2683,5019,1920,7655
51104|peanut butter chocolate chip cookies|sweet unsalted butter_creamy peanut butter_granulated sugar_brown sugar_eggs_all-purpose flour_baking soda_semi-sweet chocolate chips|7008,1938,3355,800,2499,63,335,1388
14911|sausage gravy|pork sausage_flour_milk_pepper_pillsbury grands refrigerated buttermilk biscuits|6324,2683,4717,5319,3345
59224|chipotle roast for tacos   sandwiches|chuck roast_salt_pepper_chili powder_cumin_chipotle chiles in adobo_green chilies_salsa verde_onion_garlic_beef broth|1485,6270,5319,1329,2007,1316,3418,6268,5010,3184,437
95086|rustic italian bread abm|warm water_olive oil_bread flour_granulated sugar_salt_active dry yeast_cornmeal_egg white|7650,5006,721,3355,6270,7956,1831,2509
67781|doctored up vanilla pudding casserole|pepperidge farm chessmen cookies_bananas_milk_french vanilla instant pudding_cream cheese_sweetened condensed milk_frozen whipped topping|1230,342,4717,2740,1910,7022,3108
113299|peanut butter cup cookies  tarts|miniature peanut butter cups_peanut butter_butter_sugar_brown sugar_egg_vanilla_flour_baking soda_salt|244,5261,840,6906,800,2499,7449,2683,335,6270
19023|finger lickin good bbq sauce|white onion_garlic_olive oil_ketchup_white vinegar_brown sugar_worcestershire sauce_chili powder_cayenne pepper|7770,3184,5006,4053,7799,800,7946,1329,1119
49534|the best snickerdoodles i have ever eaten|butter_granulated sugar_brown sugar_egg_vanilla_flour_salt_baking soda_cream of tartar_cinnamon|840,3355,800,2499,7449,2683,6270,335,1925,1511
19678|lee lee s famous chocolate sauce for ice cream|sugar_cocoa_salt_butter_water_vanilla extract|6906,1584,6270,840,7655,7470
33105|zesty low fat chicken breasts|boneless skinless chicken breast halves_ketchup_salsa_honey_dijon mustard_chili powder_cumin_cornstarch|1254,4053,6265,3723,2148,1329,2007,1833
208583|kittencal s juicy hamburger burger|ground beef_egg_dry onion soup mix_garlic_dry breadcrumbs_worcestershire sauce_fresh ground black pepper_frank's red hot sauce|3484,2499,2434,3184,2404,7946,2816,2710
27221|perfect pasta salad|tri-colored pasta_green peppers_diced tomatoes_red onions_provolone cheese_pepperoni_black olives_extra virgin olive oil_red wine vinegar_sugar_oregano_salt_pepper|7267,3440,2131,5966,5731,5340,588,5006,6009,6906,5106,6270,5319
187362|light and fluffy pumpkin pancakes|all-purpose flour_sugar_baking powder_cinnamon_ginger_nutmeg_salt_clove_1% low-fat milk_canned pumpkin puree_butter_egg|63,6906,332,1511,3248,4964,6270,1563,4717,1014,840,2499
4178|cornbread with corn casserole|eggs_whole kernel corn_cream-style corn_margarine_jiffy cornbread mix|2499,7850,1803,4574,1825
50767|chicken packets  oamc|cooked chicken_cream cheese_chives_milk_salt_seasoned croutons_refrigerated crescent dinner rolls_margarine|1707,1910,1372,4717,6270,6364,6029,4574
16213|cranberry feta pinwheels|dried sweetened cranberries_cream cheese spread_feta cheese_green onion_flour tortillas|2371,1184,2591,6335,7258
59336|tzatziki|sour cream_english cucumber_garlic cloves_olive oil_red wine vinegar_fresh dill_salt|6654,2534,3203,5006,6009,2794,6270
109264|almost white castle hamburgers|ground chuck_onion soup mix_egg_pepper_water_breadcrumbs_dinner rolls_american cheese_pickle_mustard_ketchup|3495,5033,2499,5319,7655,728,2161,112,5365,4880,4053
73469|harvest pumpkin apple bread|all-purpose flour_ground cinnamon_baking soda_salt_granulated sugar_pumpkin puree_eggs_vegetable oil_apple juice_apple|63,3497,335,6270,3355,5760,2499,7557,159,150
11763|easy lemon pound cake|butter_sugar_eggs_lemon juice_salt_flour_baking powder_milk|840,6906,2499,4253,6270,2683,332,4717
107190|kittencal s easy tuna or chicken noodle casserole|egg noodles_butter_condensed cream of mushroom soup_garlic powder_parmesan cheese_milk_sour cream_seasoning salt_fresh ground black pepper_onion_pimiento_green bell pepper_celery rib_tuna_butter flavored crackers|2503,840,1674,3217,5180,4717,6654,6374,2816,5010,5402,3399,1130,7284,846
79595|best twice baked potatoes|potatoes_sour cream_milk_margarine_sharp cheddar cheese_salt_pepper_bacon|5648,6654,4717,4574,1168,6270,5319,298
16705|slow cooked bbq ribs  for crock pot|pork spareribs_salt_pepper_barbecue sauce_onion|5622,6270,5319,367,5010
17987|quick butternut squash soup|olive oil_garlic_onion_fresh sage_salt_ground black pepper_fat-free chicken broth_butternut squash_parmesan cheese|5006,3184,5010,2882,6270,3486,1257,875,5180
18185|quick n easy quiche crust|flour_salt_olive oil_ice water|2683,6270,5006,3830
78088|kittencal s  brown sugar caramel sauce or ice cream topping|salted butter_salt_brown sugar_heavy whipping cream_vanilla extract|6283,6270,800,3670,7470
32731|classic baked spaghetti|thin spaghetti_ground beef_garlic_spaghetti sauce_mild cheddar cheese_oregano|7164,3484,3184,6711,1168,5106
32503|hawaiian chicken kabobs|boneless chicken breasts_unsweetened pineapple chunks_soy sauce_vegetable oil_brown sugar_garlic powder_ground ginger_dry mustard_fresh ground pepper_green pepper_mushrooms_cherry tomatoes_cooked rice|1252,7431,6696,7557,800,3217,3512,2430,2817,3440,4863,1223,1746
96886|kittencal s spinach parmesan rice bake|frozen chopped spinach_cooked white rice_butter_shredded cheddar cheese_parmesan cheese_onions_garlic clove_eggs_milk_cayenne pepper_fresh ground black pepper_seasoning salt_mozzarella cheese|2984,1766,840,1168,5180,5010,3203,2499,4717,1119,2816,6374,4836
98869|apple or pear cake|white sugar_brown sugar_eggs_oil_vanilla_flour_salt_baking soda_cinnamon_apples_milk_butter|7790,800,2499,4987,7449,2683,6270,335,1511,150,4717,840
71109|fresh blueberry cobbler|all-purpose flour_sugar_salt_baking powder_whole milk_butter_fresh blueberries_vanilla extract|63,6906,6270,332,7853,840,2763,7470
153642|easy moist banana blueberry muffins|bananas_sugar_egg_butter_blueberries_baking soda_baking powder_salt_flour|342,6906,2499,840,648,335,332,6270,2683
96514|unknownchef86 s very best dinner rolls|milk_dry yeast_sugar_butter_salt_eggs_flour|4717,7956,6906,840,6270,2499,2683
79308|ground turkey chili for people who hate ground turkey|ground turkey_onion_green pepper_red kidney beans_stewed tomatoes_tomato paste_chili powder_garlic powder_oregano_cumin_paprika_black pepper_salt_water|3548,5010,3440,4062,6819,7229,1329,3217,5106,2007,5168,590,6270,7655
211485|ginger me up chicken  low fat honey   ginger chicken breasts|boneless skinless chicken breasts_honey_dijon mustard_water_ground ginger_garlic cloves_salt_fresh ground black pepper_cayenne pepper|1252,3723,2148,7655,3512,3203,6270,2816,1119
13619|homemade pie crust|all-purpose flour_salt_butter_cold water|63,6270,840,1645
87864|super peanut butter filled brownies|chocolate_unsalted butter_eggs_sugar_flour_kosher salt_pure vanilla extract_semisweet chocolate_powdered sugar_creamy peanut butter_heavy whipping cream_semisweet baking chocolate_butter|1375,7367,2499,6906,2683,4096,5767,1375,5695,1938,3670,326,840
82945|eloise s easy sugar cookies|butter_granulated sugar_egg_vanilla extract_baking powder_flour|840,3355,2499,7470,332,2683
126611|cheese tortellini pesto pasta salad|artichoke hearts_grape tomatoes_black olives_green bell pepper_cheese-filled egg tortellini_olive oil_parmesan cheese_basil pesto_salt_garlic_mozzarella cheese_rotini pasta|204,3365,588,3399,1189,5006,5180,386,6270,3184,4836,6193
17186|patti labelle s macaroni and cheese|vegetable oil_macaroni_butter_muenster cheese_mild cheddar cheese_sharp cheddar cheese_monterey jack cheese_half-and-half_velveeta cheese_eggs_seasoning salt_fresh ground pepper|7557,4495,840,4839,1168,1168,4814,3589,7594,2499,6374,2817
137364|perfect basic white rice|long grain rice_water_salt_butter_white vinegar|4470,7655,6270,840,7799
111734|easy pizza pasta casserole  oamc|ground beef_onion_garlic clove_italian seasoning_olive oil_spaghetti sauce_rotini pasta_mozzarella cheese_pepperoni|3484,5010,3203,3940,5006,6711,6193,4836,5340
18888|easy way lasagna|lasagna noodles_spaghetti sauce_cottage cheese_egg_parmesan cheese_mozzarella cheese|4155,6711,1838,2499,5180,4836
13307|neiman marcus  250 chocolate chip cookies recipe|butter_flour_baking soda_sugar_blended oatmeal_chocolate chips_brown sugar_salt_hershey bars_eggs_baking powder_vanilla_nuts|840,2683,335,6906,632,1388,800,6270,364,2499,332,7449,4958
64015|sugar cookie icing|powdered sugar_milk_light corn syrup_vanilla extract_food coloring|5695,4717,4330,7470,2696
28377|cheat n  eat vietnamese chicken soup|cellophane noodle_boneless skinless chicken breasts_peanut oil_garlic_ginger_red pepper flakes_chicken broth_fish sauce_fresh cilantro_green onions_fresh basil|1136,1252,5276,3184,3248,5975,1257,2654,2777,6335,2757
57679|sandra s key lime pie|cream cheese_sweetened condensed milk_egg yolks_lime juice_9-inch graham cracker crust|1910,7022,2512,4384,3326
607|famous barr s french onion soup|onions_butter_black pepper_paprika_bay leaf_beef broth_dry white wine_all-purpose flour_caramel coloring_salt_french baguette_swiss cheese|5010,840,590,5168,393,437,2461,63,1066,6270,2716,7033
40983|buttery yeast rolls|water_milk_egg_butter_sugar_salt_all-purpose flour_dry yeast|7655,4717,2499,840,6906,6270,63,7956
30951|green beans with cherry tomatoes|green beans_butter_garlic salt_sugar_basil_salt_pepper_cherry tomatoes|3398,840,3219,6906,382,6270,5319,1223
37638|veronica s easy spanish rice|uncooked rice_onion_vegetable oil_water_tomato sauce_green bell pepper_salt_chili powder_garlic powder|7362,5010,7557,7655,7233,3399,6270,1329,3217
14756|award winning butter tarts|pie pastry_raisins_butter_brown sugar_salt_corn syrup_egg_vanilla|5379,5825,840,800,6270,1824,2499,7449
22539|baked ziti|ziti pasta_italian sausage_ricotta cheese_egg_parsley_mozzarella cheese_parmesan cheese_pasta sauce|8019,6324,6085,2499,5185,4836,5180,5205
259573|kittencal s technique for perfect easy peel hard boiled eggs|eggs_white vinegar_salt_water_ice cubes|2499,7799,6270,7655,3829
77854|kittencal s best deviled eggs|hard-boiled eggs_mayonnaise_milk_dried parsley flakes_dried chives_mustard powder_dried dill weed_salt_paprika_fresh ground black pepper_garlic powder|3625,4623,4717,2325,2243,4883,2258,6270,5168,2816,3217
69983|pumpkin cake bars with cream cheese frosting|eggs_white sugar_vegetable oil_pumpkin puree_all-purpose flour_baking powder_salt_baking soda_ground cinnamon_cream cheese_butter_confectioners' sugar|2499,7790,7557,5760,63,332,6270,335,3497,1910,840,1689
24476|homemade rice a roni|spaghetti_white rice_broth_butter|6715,7783,773,840
105726|kittencal s parmesan garlic bread or garlic toast|french bread_butter_garlic_dried parsley_parmesan cheese_salt|2718,840,3184,2324,5180,6270
110047|potsie s creamed chicken and biscuits casserole|onion_butter_cooked chicken breasts_cream of chicken soup_mayonnaise_milk_chopped pimiento_mild cheddar cheese_refrigerated biscuit|5010,840,1708,1917,4623,4717,1479,1168,6019
28091|black bottom banana bars|butter_sugar_egg_vanilla extract_bananas_all-purpose flour_baking powder_baking soda_salt_baking cocoa|840,6906,2499,7470,342,63,332,335,6270,328
25625|now don t go  eeewww    before you try this|toast_peanut butter_tomatoes_pepper_salt|7184,5261,7213,5319,6270
24088|strawberry julius|strawberry_milk_water_caster sugar_vanilla|6846,4717,7655,1107,7449
31235|crunchy granola|brown sugar_water_pure vanilla extract_salt_rolled oats_pecans_almonds_dried fruits|800,7655,5767,6270,6156,5298,70,2266
107544|cheesecake factory cheesecake|pecans_almonds_walnuts_vanilla wafer_butter_cream cheese_sugar_eggs_sour cream_flour_vanilla extract_lemon juice|5298,70,7642,7495,840,1910,6906,2499,6654,2683,7470,4253
125399|french toast sticks   oamc|bread_butter_eggs_sugar_cinnamon_milk_vanilla|715,840,2499,6906,1511,4717,7449
46739|tsr version of applebee s honey grilled salmon by todd wilbur|honey_soy sauce_dark brown sugar_pineapple juice_fresh lemon juice_white distilled vinegar_olive oil_ground black pepper_cayenne pepper_paprika_garlic powder_salmon fillets|3723,6696,2045,5422,2832,7751,5006,3486,1119,5168,3217,6261
8650|basil pesto|basil_garlic cloves_pine nuts_parmesan cheese_lemon juice_olive oil|382,3203,5407,5180,4253,5006
81211|failproof french bread  bread machine|bread flour_salt_active dry yeast_warm water|721,6270,7956,7650
35889|tasty buns|flour_dry yeast_milk_water_vegetable oil_white sugar_salt|2683,7956,4717,7655,7557,7790,6270
158832|uncle bill s fried potatoes and onions|russet potatoes_onion_butter_extra virgin olive oil_garlic powder_dried dill weed_salt_black pepper|6220,5010,840,5006,3217,2258,6270,590
55796|healthy bean soup with kale|olive oil_garlic cloves_yellow onion_kale_chicken broth_cannellini beans_carrots_diced tomatoes_italian herb seasoning_salt and pepper_parsley_parmesan cheese|5006,3203,7979,4024,1257,1039,1093,2131,3929,6276,5185,5180
133513|ramen noodle egg foo yung|ramen noodles_butter_eggs_green onions_sesame oil_soy sauce_baking powder|5831,840,2499,6335,6413,6696,332
24139|crock pot chicken vindaloo|vinegar_garlic cloves_fresh ginger_curry powder_ground cumin_ground cardamom_ground cloves_hot pepper_mustard seeds_olive oil_tomato sauce_cinnamon stick_onion_boneless skinless chicken breast halves_fresh parsley|7620,3203,2809,2022,3502,3489,3498,3793,4884,5006,7233,1527,5010,1254,2856
301754|crock pot   style loaded baked potato soup|baking potatoes_onion_chicken broth_garlic cloves_butter_salt_pepper_cream_sharp cheddar cheese_fresh chives_sour cream_bacon_cheese|331,5010,1257,3203,840,6270,5319,1909,1168,2776,6654,298,1170
84324|aloo gobi|vegetable oil_onion_fresh coriander_green chili_cauliflower_potatoes_diced tomatoes_fresh ginger_fresh garlic_cumin seed_turmeric_salt_garam masala|7557,5010,2783,3412,1112,5648,2131,2809,2807,2010,7337,6270,3177
50722|bread machine cinnamon buns|milk_water_egg_butter_all-purpose white flour_granulated sugar_salt_yeast_brown sugar_cinnamon_powdered sugar_vanilla|4717,7655,2499,840,65,3355,6270,7956,800,1511,5695,7449
34011|cajun style oven fries|potatoes_oregano_thyme_paprika_cayenne_black pepper_sugar_cumin_salt_garlic powder_onion powder_tabasco sauce_vegetable oil|5648,5106,7168,5168,1118,590,6906,2007,6270,3217,5024,7049,7557
19710|grilled cauliflower|cauliflower_butter_seasoning salt_parmesan cheese|1112,840,6374,5180
339905|throw away the bread machine instructions      white bread|warm water_white sugar_bread machine yeast_butter_oil_white bread flour_salt|7650,7790,7956,840,4987,7716,6270
23108|vanilla scented granola|vegetable oil cooking spray_old fashioned oats_sliced almonds_golden brown sugar_salt_ground cinnamon_vegetable oil_honey_sugar_vanilla extract|1786,4998,6526,3304,6270,3497,7557,3723,6906,7470
73927|any fruit fast fat free cobbler|white sugar_flour_skim milk_baking powder_salt_fruit|7790,2683,6516,332,6270,3117
11923|hot german potato salad|bacon_sugar_distilled white vinegar_eggs_salt_prepared mustard_cayenne pepper_potatoes_onion|298,6906,2170,2499,6270,4880,1119,5648,5010
49230|drunken garlic crock pot roast|boneless beef chuck roast_vegetable oil_salt_pepper_onions_garlic cloves_beef bouillon cubes_hot water_lager beer_brown sugar_dijon mustard_cider vinegar_cornstarch|441,7557,6270,5319,5010,3203,432,3815,4108,800,2148,1504,1833
46072|yummy creamy rice pudding|white rice_milk_white sugar_salt_egg_raisins_butter_vanilla|7783,4717,7790,6270,2499,5825,840,7449
9004|tilapia|tilapia fillets_dried oregano_chili powder_cayenne pepper_salt_butter_lemon juice|7178,2320,1329,1119,6270,840,4253
72308|kittencal s spinach   four cheese manicotti  vegetarian|oil_onion_fresh garlic_ricotta cheese_mozzarella cheese_cream cheese_parmesan cheese_italian seasoning_salt_fresh ground black pepper_frozen chopped spinach_manicotti_marinara sauce|4987,5010,2807,6085,4836,1910,5180,3940,6270,2816,2984,4558,4580
131639|roasted tomato soup|plum tomatoes_garlic cloves_red onion_olive oil_balsamic vinegar_oregano_basil leaves_salt_pepper_fat-free vegetable broth_parmesan cheese|5519,3203,5966,5006,339,5106,384,6270,5319,7550,5180
100526|sweet  creamy coleslaw|green cabbage_carrots_mayonnaise_vinegar_sugar|3402,1093,4623,7620,6906
14106|roast beef horseradish spirals|cream cheese_green onions_fresh parsley_prepared horseradish_salt_garlic powder_deli roast beef_10-inch flour tortillas|1910,6335,2856,3758,6270,3217,2110,7258
32042|gumbo|vegetable oil_all-purpose flour_onion_fresh parsley_celery_green bell pepper_red bell pepper_scallion_garlic_chicken broth_salt_creole seasoning_sausage|7557,63,5010,2856,1124,3399,5915,6335,3184,1257,6270,1954,6324
70646|pineapple upside down cake|butter_dark brown sugar_pineapple_maraschino cherries_pineapple cake mix_vanilla instant pudding mix_pineapple juice_canola oil_eggs|840,2045,5408,4570,912,7479,5422,1043,2499
17394|meatloaf barbecue style|ground beef_fresh breadcrumb_onion_egg_salt_tomato sauce_pepper_water_brown sugar_prepared mustard_worcestershire sauce|3484,2764,5010,2499,6270,7233,5319,7655,800,4880,7946
28667|creamed ground beef sos|lean ground beef_onion_flour_beef bouillon powder_salt_fresh ground black pepper_garlic powder_onion powder_cayenne powder_worcestershire sauce_milk|4189,5010,2683,435,6270,2816,3217,5024,1121,7946,4717
99103|split pea soup  crock pot    dairy free|dried split peas_ham_carrots_onion_celery_garlic cloves_bay leaf_seasoning salt_fresh pepper_hot water|2366,3597,1093,5010,1124,3203,393,6374,2863,3815
76470|chili s spicy garlic   lime shrimp|butter_garlic_large shrimp_lime_salt_ground black pepper_cayenne pepper_dried parsley flakes_garlic powder_paprika_dried thyme_onion powder|840,3184,4152,4379,6270,3486,1119,2325,3217,5168,2378,5024
48401|chocolate flan cake|devil's food cake mix_water_oil_eggs_caramel topping_sweetened condensed milk_evaporated milk_milk_cream cheese_vanilla|912,7655,4987,2499,1076,7022,2559,4717,1910,7449
128952|cake batter ice cream|whole milk_granulated sugar_heavy cream_pure vanilla extract_cake mix|7853,3355,3668,5767,912
44833|parmesan zucchini|zucchini_olive oil_seasoning salt_parmesan cheese|8021,5006,6374,5180
52206|low fat banana bread|bananas_all-purpose flour_white sugar_butter_vanilla extract_baking soda_baking powder_egg_applesauce|342,63,7790,840,7470,335,332,2499,170
294620|easy cole slaw|coleslaw mix_mayonnaise_sugar_milk_vinegar_salt_pepper|1648,4623,6906,4717,7620,6270,5319
119373|minado s perfect sushi rice|sushi rice_water_rice vinegar_sugar_salt_mirin_kelp|6944,7655,6082,6906,6270,4766,4050
23939|company pork roast|pork loin roast_honey_soy sauce_wine vinegar_dry mustard_salt_garlic powder_white pepper|5592,3723,6696,7929,2430,6270,3217,7774
106715|sticken chicken|chicken thighs_flour_garlic salt_paprika_ginger_brown sugar_water_worcestershire sauce_soy sauce|1306,2683,3219,5168,3248,800,7655,7946,6696
73062|brady bunch pork chops|1% low-fat milk_salt_boneless pork chops_fresh breadcrumbs_garlic powder_dried rosemary_dried thyme_olive oil_butter|4717,6270,5574,2764,3217,2350,2378,5006,840
45006|auntie s delicious soft pretzels  amish recipe|water_yeast_brown sugar_flour_baking soda_hot water_sweet creamy butter|7655,7956,800,2683,335,3815,6969
41705|jambalaya for the crock pot|boneless skinless chicken breasts_green peppers_onion_celery ribs_garlic cloves_whole tomatoes_tomato paste_beef broth_parsley_basil_oregano_tabasco sauce_cayenne pepper_salt_shrimp_cooked rice|1252,3440,5010,1130,3203,7863,7229,437,5185,382,5106,7049,1119,6270,6487,1746
57772|mexican stuffed shells  oamc|pasta shells_ground beef_taco seasoning_water_onion_salsa_cheese_tomato sauce_chili powder_green onion|5206,3484,7060,7655,5010,6265,1170,7233,1329,6335
100408|turkey breakfast sausage patties|ground turkey_salt_sage_fennel seed_thyme_black pepper_white pepper_cayenne_garlic powder_ground cloves_nutmeg_allspice|3548,6270,6243,2587,7168,590,7774,1118,3217,3498,4964,68
104628|soft italian breadsticks  abm|warm water_butter_salt_bread flour_sugar_italian seasoning_garlic powder_active dry yeast_parmesan cheese|7650,840,6270,721,6906,3940,3217,7956,5180
73488|individual cream cheese danish|crescent roll dough_cream cheese_white sugar_lemon juice_vanilla extract_sour cream_confectioners' sugar_milk_butter|1959,1910,7790,4253,7470,6654,1689,4717,840
20431|soft  spicy  heavenly ginger cookies|margarine_white sugar_molasses_all-purpose flour_water_baking soda_ground ginger_ground cinnamon_ground cloves_nutmeg_fresh ginger_salt_raisins|4574,7790,4807,63,7655,335,3512,3497,3498,4964,2809,6270,5825
117532|quick and easy pizza dough|flour_yeast_salt_sugar_water|2683,7956,6270,6906,7655
31804|sue b s chocolate cake|cocoa powder_boiling water_buttermilk_canola oil_eggs_vanilla_sugar_flour_salt_baking soda|1589,673,869,1043,2499,7449,6906,2683,6270,335
192346|oatmeal chocolate chip lactation cookies by noel trujillo|butter_sugar_brown sugar_water_flax seed meal_eggs_vanilla_flour_baking soda_salt_oats_chocolate chips_brewer's yeast|840,6906,800,7655,2679,2499,7449,2683,335,6270,4969,1388,7956
13745|jello cookies|margarine_sugar_jello gelatin_eggs_vanilla_flour_baking powder_salt|4574,6906,3985,2499,7449,2683,332,6270
102073|opal s pumpkin pie|pumpkin_brown sugar_granulated sugar_ground cloves_cinnamon_ground ginger_salt_eggs_evaporated milk_heavy cream_unbaked 9-inch pie shells|5753,800,3355,3498,1511,3512,6270,2499,2559,3668,7352
52366|outback steakhouse style steak|top sirloin steaks_salt_paprika_ground black pepper_onion powder_garlic powder_cayenne pepper_coriander_turmeric|7253,6270,5168,3486,5024,3217,1119,1795,7337
30965|dumplings|all-purpose flour_baking powder_salt_butter_milk|63,332,6270,840,4717
84474|sweet potato curry with spinach and chickpeas|sweet onions_canola oil_curry powder_cumin_cinnamon_fresh spinach_sweet potatoes_chickpeas_water_diced tomatoes_fresh cilantro_basmati rice|6980,1043,2022,2007,1511,2898,6987,1313,7655,2131,2777,389
88486|beer  n bbq braised country style pork ribs|country-style boneless pork ribs_onions_beer_barbecue sauce|5599,5010,510,367
92072|monterey chicken rolls|boneless skinless chicken breasts_monterey jack cheese_margarine_garlic salt_parsley_breadcrumbs_parmesan cheese|1252,4814,4574,3219,5185,728,5180
97340|chicken legs grilled|chicken legs-thighs_sugar_seasoning salt_paprika_pepper_garlic powder_olive oil|1283,6906,6374,5168,5319,3217,5006
180306|gluten free french bread|rice flour_tapioca flour_xanthan gum_salt_egg substitute_sugar_water_fast rise yeast_butter_egg whites_vinegar|6070,7094,7951,6270,2506,6906,7655,7956,840,2509,7620
33869|hello dollies|butter_graham cracker crumbs_walnuts_semi-sweet chocolate chips_flaked coconut_sweetened condensed milk|840,3324,7642,1388,2665,7022
93886|crock pot apple butter|apples_sugar_ground cinnamon_ground cloves_salt|150,6906,3497,3498,6270
28758|best ever pumpkin pie|canned pumpkin_sweetened condensed milk_eggs_light brown sugar_sugar_ground cinnamon_salt_ground ginger_ground nutmeg_ground cloves_pie crusts|1013,7022,2499,4320,6906,3497,6270,3512,3527,3498,5375
113914|hershey s chocolate cake with frosting|sugar_all-purpose flour_cocoa_baking powder_baking soda_salt_eggs_milk_vegetable oil_vanilla extract_boiling water_butter_powdered sugar|6906,63,1584,332,335,6270,2499,4717,7557,7470,673,840,5695
107868|softest ever bread machine bread|warm water_white sugar_bread machine yeast_vegetable oil_bread flour_salt|7650,7790,7956,7557,721,6270
41541|really really good candied sweet potatoes|sweet potatoes_butter_maple syrup_brown sugar_cinnamon|6987,840,4568,800,1511
18693|zucchini chocolate cake|butter_vegetable oil_sugar_eggs_buttermilk_vanilla_cocoa_flour_baking soda_salt_zucchini_chocolate chips_walnuts|840,7557,6906,2499,869,7449,1584,2683,335,6270,8021,1388,7642
12365|reduced fat alfredo sauce|1% low-fat milk_butter_flour_parmesan cheese_garlic_pepper|4717,840,2683,5180,3184,5319
73033|allrighty then scrambled eggs   paula deen|eggs_sour cream_water_salt & freshly ground black pepper_butter_cheddar cheese|2499,6654,7655,6272,840,1168
9370|human puppy chow|butter_semi-sweet chocolate chips_peanut butter_corn chex_powdered sugar|840,1388,5261,1806,5695
30165|breakfast burritos  once a month cooking|eggs_bulk sausage_chunky salsa_cheddar cheese_flour tortillas_green pepper_potatoes_jalapeno_green chilies_garlic clove_onion_tomatoes_green onions|2499,6324,1496,1168,7258,3440,5648,3951,3418,3203,5010,7213,6335
216350|linda s cheesecake stuffed strawberries|strawberries_cream cheese_vanilla_confectioners' sugar_almonds|6846,1910,7449,1689,70
117565|kittencal s marinade for grilled steak|fresh garlic_worcestershire sauce_balsamic vinegar_dijon mustard_soy sauce_oil_fresh ground black pepper|2807,7946,339,2148,6696,4987,2816
94532|old fashioned blueberry muffins|milk_butter_orange zest_vanilla extract_eggs_flour_sugar_baking powder_salt_fresh blueberries|4717,840,5090,7470,2499,2683,6906,332,6270,2763
3595|better than sex cake iii|dark chocolate cake mix_water_vegetable oil_eggs_sweetened condensed milk_mrs richardson's caramel topping_whipped topping_heath candy bars|912,7655,7557,2499,7022,4837,7704,954
19859|crock pot creamy italian chicken|boneless skinless chicken breasts_dried italian salad dressing mix_water_cream cheese_reduced-sodium cream of chicken soup_mushroom stems and pieces_cooked rice|1252,2200,7655,1910,1917,4875,1746
88753|cottage cheese roast  vegetarian meatloaf|cottage cheese_eggs_vegetable oil_dry onion soup mix_walnuts_corn flakes_onion|1838,2499,7557,2434,7642,1810,5010
14684|vegetarian lasagna|spaghetti sauce_carrot_oregano_cooked lasagna noodles_ricotta cheese_frozen chopped spinach_eggs_zucchini_fresh mushrooms_part-skim mozzarella cheese_parmesan cheese|6711,1093,5106,1726,6085,2984,2499,8021,2847,4836,5180
67733|strawberry coffee cake|all-purpose flour_sugar_baking powder_salt_egg_milk_vanilla_butter_fresh strawberries_pecans|63,6906,332,6270,2499,4717,7449,840,2901,5298
10481|marvelous broccoli salad|broccoli_cheddar cheese_purple onion_bacon_mayonnaise_sugar_red wine vinegar|756,1168,5773,298,4623,6906,6009
132052|old widow walker s ziploc omelettes|eggs_cheese_ham_bacon_onion_green pepper_tomatoes_hash brown|2499,1170,3597,298,5010,3440,7213,3634
107570|sweet salsa dump chicken   oamc|taco seasoning mix_apricot jam_salsa_chicken pieces|6373,180,6265,1289
17722|old fashioned linguine with white clam sauce|butter_extra virgin olive oil_onion_garlic_red pepper flakes_lemon juice_oregano_basil_old bay seasoning_clams_parsley_parmesan cheese_linguine|840,5006,5010,3184,5975,4253,5106,382,4996,1543,5185,5180,4416
17586|easiest beef enchiladas ever|ground beef_onion_cheddar cheese_enchilada sauce_flour tortillas|3484,5010,1168,2530,7258
9240|chocolate eclair dessert|jello instant vanilla pudding mix_milk_non-dairy whipped topping_graham crackers_chocolate frosting|3986,4717,4938,3323,1406
60235|no bake granola bars|crispy rice cereal_quick-cooking rolled oats_raisins_brown sugar_light corn syrup_peanut butter_vanilla|1968,6156,5825,800,4330,5261,7449
96347|crock pot ham and beans|dried great northern beans_garlic cloves_sweet onion_kosher salt_black pepper_parsley_ground cloves_smoked ham_water|2272,3203,6980,4096,590,5185,3498,6573,7655
70522|corned beef in beer  crock pot|corned beef brisket_potatoes_onions_carrots_bay leaf_beer_cabbage_molasses|1827,5648,5010,1093,393,510,893,4807
78938|cracker barrel green beans|bacon_green beans_yellow onion_granulated sugar_salt_fresh ground black pepper|298,3398,7979,3355,6270,2816
39900|skillet parmesan chicken|boneless skinless chicken breast halves_salt and pepper_flour_italian seasoned breadcrumbs_parmesan cheese_egg_milk_butter_olive oil_mozzarella cheese_marinara sauce|1254,6276,2683,3939,5180,2499,4717,840,5006,4836,4580
90975|the ultimate greek salad|olive oil_fresh lemon juice_red wine vinegar_garlic cloves_dried oregano_lettuce_plum tomatoes_english cucumber_red onion_green pepper_kalamata olive_feta cheese|5006,2832,6009,3203,2320,4308,5519,2534,5966,3440,4023,2591
39618|perfect southern fried chicken|chicken_water_salt_buttermilk_eggs_season-all salt_flour_cornmeal_dried oregano_vegetable oil|1240,7655,6270,869,2499,6362,2683,1831,2320,7557
91644|amanda s cheese pound cake|butter_cream cheese_sugar_eggs_flour_vanilla|840,1910,6906,2499,2683,7449
26526|amish white bread|dry yeast_water_sugar_salt_shortening_all-purpose flour_butter|7956,7655,6906,6270,6473,63,840
26111|blackberry cobbler|flour_baking powder_salt_milk_butter_fresh blackberries_sugar|2683,332,6270,4717,840,2762,6906
497021|mile high cabbage pie  5fix|lean ground beef_coleslaw mix_simply potatoes diced potatoes with onion_cream of mushroom soup_refrigerated crescent dinner rolls|4189,1648,2130,1920,6029
149257|gingerbread  for cookies or a  gingerbread house|sugar_molasses_ginger_allspice_cinnamon_clove_baking soda_margarine_egg_all-purpose flour|6906,4807,3248,68,1511,1563,335,4574,2499,63
102335|moist and tender turkey  or turkey breast|turkey_butter_chicken broth_mayonnaise|7295,840,1257,4623
25806|fabulous beef stew|stew meat_lipton onion soup mix_beef bouillon granules_potatoes_carrots_celery_whole tomatoes_garlic cloves_salt and pepper_cornstarch_cold water|6818,5033,433,5648,1093,1124,7863,3203,6276,1833,1645
37374|pronto pups aka corn dogs|cornmeal_flour_baking powder_salt_egg_sugar_milk_hot dogs_wooden skewers_oil|1831,2683,332,6270,2499,6906,4717,3780,7944,4987
34335|herbed pork tenderloin|onions_oil_lemon juice_rosemary_thyme_oregano_basil_paprika_garlic_salt_pepper_pork tenderloin|5010,4987,4253,6183,7168,5106,382,5168,3184,6270,5319,5627
11028|vegetarian  meatballs|eggs_lipton onion soup mix_cheddar cheese_walnuts_italian style breadcrumbs_vegetarian broth|2499,5033,1168,7642,728,7574
47391|crispy tilapia|tilapia fillets_flour_egg_buttermilk_yellow cornmeal_salt_pepper_baking soda_baking powder_old bay seasoning_canola oil|7178,2683,2499,869,7970,6270,5319,335,332,4996,1043
86307|legal seafood style baked scallops|sea scallops_salt and pepper_fresh thyme leave_buttermilk_ritz crackers_butter_lemon|6354,6276,2911,869,6097,840,4231
50979|copycat recipe for carrabba s chicken marsala|butter_boneless skinless chicken breast halves_shallots_mushroom_dry marsala_heavy cream_lemon juice|840,1254,6426,4863,2423,3668,4253
81902|to die for make ahead mashed potatoes|potatoes_sour cream_cream cheese_butter_chives_salt_pepper_garlic cloves_onion powder_marjoram_green onion_bacon bits_milk_paprika|5648,6654,1910,840,1372,6270,5319,3203,5024,4585,6335,299,4717,5168
74301|mini tacos|wonton wrappers_hamburger_taco seasoning_salsa_cheese_sour cream_olive_guacamole|7940,3609,7060,6265,1170,6654,5003,3561
14357|easy pineapple upside down cake|yellow cake mix_eggs_oil_water_dark brown sugar_butter_pineapple slices_maraschino cherries_walnut halves|912,2499,4987,7655,2045,840,5428,4570,7644
74275|unbelievably easy potato soup|potato_celery_onion_milk_salt and pepper|5648,1124,5010,4717,6276
50022|the best banana bread|butter_sugar_bananas_eggs_vanilla_baking soda_flour_salt_buttermilk_mini chocolate chip|840,6906,342,2499,7449,335,2683,6270,869,1388
118242|intensely chocolate cocoa brownies|butter_cocoa_sugar_eggs_vanilla_flour_baking powder_salt_walnuts|840,1584,6906,2499,7449,2683,332,6270,7642
224947|spinach   feta stuffed chicken breast  quick   easy|chicken breasts_instant minced garlic_olive oil_spinach_feta cheese_seasoned bread crumbs_butter|1252,3890,5006,6754,2591,6363,840
139499|cranberry orange muffins|flour_sugar_baking powder_baking soda_salt_cranberries_egg_orange juice_vegetable oil_orange rind|2683,6906,332,335,6270,1881,2499,5058,7557,5068
110078|crock pot chili pork chops     a must try|onion_olive oil_garlic cloves_worcestershire sauce_water_ketchup_chili powder_pork chops_salt and pepper|5010,5006,3203,7946,7655,4053,1329,5574,6276
32142|old fashioned corn and potato chowder|corn_potatoes_butter_onion_salt_pepper_boiling water_milk_flour_water|1803,5648,840,5010,6270,5319,673,4717,2683,7655
13320|chinese pot stickers|cabbage_salt_shrimp_lean pork_light soy sauce_rice wine_green onion_sesame oil_fresh ginger_garlic cloves_wonton wrappers_vegetable oil_chicken stock_rice vinegar|893,6270,6487,4206,6696,6083,6335,6413,2809,3203,7940,7557,1297,6082
86868|corned beef and cabbage in guinness|corned beef brisket_guinness draught_yellow onion_garlic cloves_bay leaf_ground cinnamon_ground cloves_ground allspice_ground black pepper_cabbage_white potatoes_carrot|1827,3569,7979,3203,393,3497,3498,3478,3486,893,7779,1093
177017|alton brown s baked brown rice|long grain brown rice_water_unsalted butter_salt|4469,7655,7367,6270
76003|the best sweet and sour sauce|pineapple juice_water_vinegar_soy sauce_brown sugar_cornstarch|5422,7655,7620,6696,800,1833
22169|chicken with fettuccine alfredo|fettuccine pasta_butter_boneless skinless chicken breast halves_salt and pepper_flour_onion_garlic_light cream_parmesan cheese_parsley_red pepper flakes|2593,840,1254,6276,2683,5010,3184,4333,5180,5185,5975
107142|new mexico style chili chicken casserole|chicken broth_green chilies_onion_light sour cream_salt_cumin_fresh ground black pepper_condensed cream of chicken soup_garlic clove_corn tortillas_cooked chicken breasts_low-fat cheddar cheese|1257,3418,5010,4359,6270,2007,2816,1672,3203,7258,1708,1168
129040|peanut butter no bake cookies|sugar_margarine_milk_peanut butter_vanilla_rolled oats|6906,4574,4717,5261,7449,6156
136292|kittencal s marinara pasta sauce  vegetarian|olive oil_onion_garlic cloves_dried basil_dried oregano_crushed red pepper flakes_tomato paste_roma tomatoes_dry red wine_sugar_salt_fresh ground black pepper|5006,5010,3203,2212,2320,1986,7229,6160,2445,6906,6270,2816
135814|mexican casserole   6 5 weight watcher points|extra lean ground beef_onion_canned jalapeno slices_fresh tomatoes_kernel corn_black beans_taco seasoning mix_corn tortillas_nonfat sour cream_reduced-fat mexican cheese blend_fresh cilantro|4189,5010,996,2913,4052,553,6373,7258,6654,4686,2777
42292|overnight french toast casserole|butter_white bread_brown sugar_cinnamon_eggs_milk|840,7714,800,1511,2499,4717
12316|chicken fried steak w cream gravy|oil_beef cutlets_seasoned flour_eggs_milk_flour_salt and pepper_dripping|4987,448,6366,2499,4717,2683,6276,2396
104975|easy  festive chocolate holiday pretzels|pretzels_m&m's plain chocolate candy_hershey's hugs chocolates_hershey chocolate kisses|5711,1385,2,1423
87420|pork tenderloin  the best ever|pork tenderloin_salt_pepper_flour_olive oil_lipton onion soup mix_cream of mushroom soup_hot water|5627,6270,5319,2683,5006,5033,1920,3815
26845|interesting crock pot chicken|dry ranch dressing mix_boneless skinless chicken breasts_mushrooms_butter_chicken broth_condensed cream of mushroom soup_cream cheese_garlic cloves_salt_black pepper|2200,1252,4863,840,1257,1674,1910,3203,6270,590
18651|chicken stroganoff   crock pot|boneless skinless chicken breast_fat-free cream of mushroom soup_fat free sour cream_dry onion soup mix|1252,1920,6654,2434
83475|three cup chicken|sesame oil_garlic cloves_fresh ginger_serrano peppers_chicken breasts_soy sauce_rice wine_sugar_thai basil_scallion|6413,3203,2809,6407,1252,6696,6083,6906,7144,6335
137253|m   m dream bars|oatmeal_brown sugar_all-purpose flour_coconut_baking soda_salt_butter_sweetened condensed milk_peanut butter_m&m'_chocolate chips|4975,800,63,1591,335,6270,840,7022,5261,1385,1388
